2026-08-30 18:09:24,538 - INFO - app.py - 5 - Aplicação OlivIA Ideas iniciada.
2026-08-30 18:09:24,588 - INFO - app.py - 5 - Aplicação OlivIA Ideas iniciada.
2026-08-30 18:09:24,588 - INFO - app.py - 5 - Aplicação OlivIA Ideas iniciada.
2026-08-30 18:09:26,663 - INFO - app.py - 5 - Aplicação OlivIA Ideas iniciada.
2026-08-30 18:09:26,663 - INFO - app.py - 5 - Aplicação OlivIA Ideas iniciada.
2026-08-30 18:09:26,663 - INFO - app.py - 5 - Aplicação OlivIA Ideas iniciada.
2026-08-30 18:09:27,126 - INFO - app.py - 5 - Aplicação OlivIA Ideas iniciada.
2026-08-30 18:09:27,126 - INFO - app.py - 5 - Aplicação OlivIA Ideas iniciada.
2026-08-30 18:09:27,126 - INFO - app.py - 5 - Aplicação OlivIA Ideas iniciada.
2026-08-30 18:09:27,126 - INFO - app.py - 5 - Aplicação OlivIA Ideas iniciada.
2026-08-30 18:09:27,219 - INFO - app.py - 5 - Aplicação OlivIA Ideas iniciada.
2026-08-30 18:09:27,219 - INFO - app.py - 5 - Aplicação OlivIA Ideas iniciada.
2026-08-30 18:09:27,219 - INFO - app.py - 5 - Aplicação OlivIA Ideas iniciada.
2026-08-30 18:09:27,219 - INFO - app.py - 5 - Aplicação OlivIA Ideas iniciada.
2026-08-30 18:09:27,219 - INFO - app.py - 5 - Aplicação OlivIA Ideas iniciada.
2026-08-30 18:09:27,299 - INFO - app.py - 5 - Aplicação OlivIA Ideas iniciada.
2026-08-30 18:09:27,299 - INFO - app.py - 5 - Aplicação OlivIA Ideas iniciada.
2026-08-30 18:09:27,299 - INFO - app.py - 5 - Aplicação OlivIA Ideas iniciada.
2026-08-30 18:09:27,299 - INFO - app.py - 5 - Aplicação OlivIA Ideas iniciada.
2026-08-30 18:09:27,299 - INFO - app.py - 5 - Aplicação OlivIA Ideas iniciada.
2026-08-30 18:09:27,299 - INFO - app.py - 5 - Aplicação OlivIA Ideas iniciada.
2026-08-30 18:09:27,380 - INFO - app.py - 5 - Aplicação OlivIA Ideas iniciada.
2026-08-30 18:09:27,380 - INFO - app.py - 5 - Aplicação OlivIA Ideas iniciada.
2026-08-30 18:09:27,380 - INFO - app.py - 5 - Aplicação OlivIA Ideas iniciada.
2026-08-30 18:09:27,380 - INFO - app.py - 5 - Aplicação OlivIA Ideas iniciada.
2026-08-30 18:09:27,380 - INFO - app.py - 5 - Aplicação OlivIA Ideas iniciada.
2026-08-30 18:09:27,380 - INFO - app.py - 5 - Aplicação OlivIA Ideas iniciada.
2026-08-30 18:09:27,380 - INFO - app.py - 5 - Aplicação OlivIA Ideas iniciada.
2026-08-30 18:09:59,154 - INFO - app.py - 5 - Aplicação OlivIA Ideas iniciada.
2026-08-30 18:09:59,154 - INFO - app.py - 5 - Aplicação OlivIA Ideas iniciada.
2026-08-30 18:09:59,154 - INFO - app.py - 5 - Aplicação OlivIA Ideas iniciada.
2026-08-30 18:09:59,154 - INFO - app.py - 5 - Aplicação OlivIA Ideas iniciada.
2026-08-30 18:09:59,154 - INFO - app.py - 5 - Aplicação OlivIA Ideas iniciada.
2026-08-30 18:09:59,154 - INFO - app.py - 5 - Aplicação OlivIA Ideas iniciada.
2026-08-30 18:09:59,154 - INFO - app.py - 5 - Aplicação OlivIA Ideas iniciada.
2026-08-30 18:09:59,202 - INFO - app.py - 5 - Aplicação OlivIA Ideas iniciada.
2026-08-30 18:09:59,202 - INFO - app.py - 5 - Aplicação OlivIA Ideas iniciada.
2026-08-30 18:09:59,202 - INFO - app.py - 5 - Aplicação OlivIA Ideas iniciada.
2026-08-30 18:09:59,202 - INFO - app.py - 5 - Aplicação OlivIA Ideas iniciada.
2026-08-30 18:09:59,202 - INFO - app.py - 5 - Aplicação OlivIA Ideas iniciada.
2026-08-30 18:09:59,202 - INFO - app.py - 5 - Aplicação OlivIA Ideas iniciada.
2026-08-30 18:09:59,202 - INFO - app.py - 5 - Aplicação OlivIA Ideas iniciada.
2026-08-30 18:10:01,275 - INFO - app.py - 5 - Aplicação OlivIA Ideas iniciada.
2026-08-30 18:10:01,275 - INFO - app.py - 5 - Aplicação OlivIA Ideas iniciada.
2026-08-30 18:10:01,275 - INFO - app.py - 5 - Aplicação OlivIA Ideas iniciada.
2026-08-30 18:10:01,275 - INFO - app.py - 5 - Aplicação OlivIA Ideas iniciada.
2026-08-30 18:10:01,275 - INFO - app.py - 5 - Aplicação OlivIA Ideas iniciada.
2026-08-30 18:10:01,275 - INFO - app.py - 5 - Aplicação OlivIA Ideas iniciada.
2026-08-30 18:10:01,275 - INFO - app.py - 5 - Aplicação OlivIA Ideas iniciada.
2026-08-30 18:10:01,375 - INFO - app.py - 5 - Aplicação OlivIA Ideas iniciada.
2026-08-30 18:10:01,375 - INFO - app.py - 5 - Aplicação OlivIA Ideas iniciada.
2026-08-30 18:10:01,375 - INFO - app.py - 5 - Aplicação OlivIA Ideas iniciada.
2026-08-30 18:10:01,375 - INFO - app.py - 5 - Aplicação OlivIA Ideas iniciada.
2026-08-30 18:10:01,375 - INFO - app.py - 5 - Aplicação OlivIA Ideas iniciada.
2026-08-30 18:10:01,375 - INFO - app.py - 5 - Aplicação OlivIA Ideas iniciada.
2026-08-30 18:10:01,375 - INFO - app.py - 5 - Aplicação OlivIA Ideas iniciada.
2026-08-30 18:10:01,475 - INFO - app.py - 5 - Aplicação OlivIA Ideas iniciada.
2026-08-30 18:10:01,475 - INFO - app.py - 5 - Aplicação OlivIA Ideas iniciada.
2026-08-30 18:10:01,475 - INFO - app.py - 5 - Aplicação OlivIA Ideas iniciada.
2026-08-30 18:10:01,475 - INFO - app.py - 5 - Aplicação OlivIA Ideas iniciada.
2026-08-30 18:10:01,475 - INFO - app.py - 5 - Aplicação OlivIA Ideas iniciada.
2026-08-30 18:10:01,475 - INFO - app.py - 5 - Aplicação OlivIA Ideas iniciada.
2026-08-30 18:10:01,475 - INFO - app.py - 5 - Aplicação OlivIA Ideas iniciada.
2026-08-30 18:10:01,579 - INFO - app.py - 5 - Aplicação OlivIA Ideas iniciada.
2026-08-30 18:10:01,579 - INFO - app.py - 5 - Aplicação OlivIA Ideas iniciada.
2026-08-30 18:10:01,579 - INFO - app.py - 5 - Aplicação OlivIA Ideas iniciada.
2026-08-30 18:10:01,579 - INFO - app.py - 5 - Aplicação OlivIA Ideas iniciada.
2026-08-30 18:10:01,579 - INFO - app.py - 5 - Aplicação OlivIA Ideas iniciada.
2026-08-30 18:10:01,579 - INFO - app.py - 5 - Aplicação OlivIA Ideas iniciada.
2026-08-30 18:10:01,579 - INFO - app.py - 5 - Aplicação OlivIA Ideas iniciada.
2026-08-30 18:10:01,665 - INFO - app.py - 5 - Aplicação OlivIA Ideas iniciada.
2026-08-30 18:10:01,665 - INFO - app.py - 5 - Aplicação OlivIA Ideas iniciada.
2026-08-30 18:10:01,665 - INFO - app.py - 5 - Aplicação OlivIA Ideas iniciada.
2026-08-30 18:10:01,665 - INFO - app.py - 5 - Aplicação OlivIA Ideas iniciada.
2026-08-30 18:10:01,665 - INFO - app.py - 5 - Aplicação OlivIA Ideas iniciada.
2026-08-30 18:10:01,665 - INFO - app.py - 5 - Aplicação OlivIA Ideas iniciada.
2026-08-30 18:10:01,665 - INFO - app.py - 5 - Aplicação OlivIA Ideas iniciada.
2026-08-30 18:10:09,424 - INFO - app.py - 5 - Aplicação OlivIA Ideas iniciada.
2026-08-30 18:10:09,424 - INFO - app.py - 5 - Aplicação OlivIA Ideas iniciada.
2026-08-30 18:10:09,424 - INFO - app.py - 5 - Aplicação OlivIA Ideas iniciada.
2026-08-30 18:10:09,424 - INFO - app.py - 5 - Aplicação OlivIA Ideas iniciada.
2026-08-30 18:10:09,424 - INFO - app.py - 5 - Aplicação OlivIA Ideas iniciada.
2026-08-30 18:10:09,424 - INFO - app.py - 5 - Aplicação OlivIA Ideas iniciada.
2026-08-30 18:10:09,424 - INFO - app.py - 5 - Aplicação OlivIA Ideas iniciada.
2026-08-30 18:10:09,475 - INFO - app.py - 5 - Aplicação OlivIA Ideas iniciada.
2026-08-30 18:10:09,475 - INFO - app.py - 5 - Aplicação OlivIA Ideas iniciada.
2026-08-30 18:10:09,475 - INFO - app.py - 5 - Aplicação OlivIA Ideas iniciada.
2026-08-30 18:10:09,475 - INFO - app.py - 5 - Aplicação OlivIA Ideas iniciada.
2026-08-30 18:10:09,475 - INFO - app.py - 5 - Aplicação OlivIA Ideas iniciada.
2026-08-30 18:10:09,475 - INFO - app.py - 5 - Aplicação OlivIA Ideas iniciada.
2026-08-30 18:10:09,475 - INFO - app.py - 5 - Aplicação OlivIA Ideas iniciada.
2026-08-30 18:10:11,171 - INFO - app.py - 5 - Aplicação OlivIA Ideas iniciada.
2026-08-30 18:10:11,171 - INFO - app.py - 5 - Aplicação OlivIA Ideas iniciada.
2026-08-30 18:10:11,171 - INFO - app.py - 5 - Aplicação OlivIA Ideas iniciada.
2026-08-30 18:10:11,171 - INFO - app.py - 5 - Aplicação OlivIA Ideas iniciada.
2026-08-30 18:10:11,171 - INFO - app.py - 5 - Aplicação OlivIA Ideas iniciada.
2026-08-30 18:10:11,171 - INFO - app.py - 5 - Aplicação OlivIA Ideas iniciada.
2026-08-30 18:10:11,171 - INFO - app.py - 5 - Aplicação OlivIA Ideas iniciada.
2026-08-30 18:10:11,251 - INFO - app.py - 5 - Aplicação OlivIA Ideas iniciada.
2026-08-30 18:10:11,251 - INFO - app.py - 5 - Aplicação OlivIA Ideas iniciada.
2026-08-30 18:10:11,251 - INFO - app.py - 5 - Aplicação OlivIA Ideas iniciada.
2026-08-30 18:10:11,251 - INFO - app.py - 5 - Aplicação OlivIA Ideas iniciada.
2026-08-30 18:10:11,251 - INFO - app.py - 5 - Aplicação OlivIA Ideas iniciada.
2026-08-30 18:10:11,251 - INFO - app.py - 5 - Aplicação OlivIA Ideas iniciada.
2026-08-30 18:10:11,251 - INFO - app.py - 5 - Aplicação OlivIA Ideas iniciada.
2026-08-30 18:10:11,331 - INFO - app.py - 5 - Aplicação OlivIA Ideas iniciada.
2026-08-30 18:10:11,331 - INFO - app.py - 5 - Aplicação OlivIA Ideas iniciada.
2026-08-30 18:10:11,331 - INFO - app.py - 5 - Aplicação OlivIA Ideas iniciada.
2026-08-30 18:10:11,331 - INFO - app.py - 5 - Aplicação OlivIA Ideas iniciada.
2026-08-30 18:10:11,331 - INFO - app.py - 5 - Aplicação OlivIA Ideas iniciada.
2026-08-30 18:10:11,331 - INFO - app.py - 5 - Aplicação OlivIA Ideas iniciada.
2026-08-30 18:10:11,331 - INFO - app.py - 5 - Aplicação OlivIA Ideas iniciada.
2026-08-30 18:10:11,422 - INFO - app.py - 5 - Aplicação OlivIA Ideas iniciada.
2026-08-30 18:10:11,422 - INFO - app.py - 5 - Aplicação OlivIA Ideas iniciada.
2026-08-30 18:10:11,422 - INFO - app.py - 5 - Aplicação OlivIA Ideas iniciada.
2026-08-30 18:10:11,422 - INFO - app.py - 5 - Aplicação OlivIA Ideas iniciada.
2026-08-30 18:10:11,422 - INFO - app.py - 5 - Aplicação OlivIA Ideas iniciada.
2026-08-30 18:10:11,422 - INFO - app.py - 5 - Aplicação OlivIA Ideas iniciada.
2026-08-30 18:10:11,422 - INFO - app.py - 5 - Aplicação OlivIA Ideas iniciada.
2026-08-30 18:10:11,502 - INFO - app.py - 5 - Aplicação OlivIA Ideas iniciada.
2026-08-30 18:10:11,502 - INFO - app.py - 5 - Aplicação OlivIA Ideas iniciada.
2026-08-30 18:10:11,502 - INFO - app.py - 5 - Aplicação OlivIA Ideas iniciada.
2026-08-30 18:10:11,502 - INFO - app.py - 5 - Aplicação OlivIA Ideas iniciada.
2026-08-30 18:10:11,502 - INFO - app.py - 5 - Aplicação OlivIA Ideas iniciada.
2026-08-30 18:10:11,502 - INFO - app.py - 5 - Aplicação OlivIA Ideas iniciada.
2026-08-30 18:10:11,502 - INFO - app.py - 5 - Aplicação OlivIA Ideas iniciada.
2026-08-30 18:10:11,615 - INFO - app.py - 5 - Aplicação OlivIA Ideas iniciada.
2026-08-30 18:10:11,615 - INFO - app.py - 5 - Aplicação OlivIA Ideas iniciada.
2026-08-30 18:10:11,615 - INFO - app.py - 5 - Aplicação OlivIA Ideas iniciada.
2026-08-30 18:10:11,615 - INFO - app.py - 5 - Aplicação OlivIA Ideas iniciada.
2026-08-30 18:10:11,615 - INFO - app.py - 5 - Aplicação OlivIA Ideas iniciada.
2026-08-30 18:10:11,615 - INFO - app.py - 5 - Aplicação OlivIA Ideas iniciada.
2026-08-30 18:10:11,615 - INFO - app.py - 5 - Aplicação OlivIA Ideas iniciada.
2026-08-30 18:10:11,669 - INFO - app.py - 5 - Aplicação OlivIA Ideas iniciada.
2026-08-30 18:10:11,669 - INFO - app.py - 5 - Aplicação OlivIA Ideas iniciada.
2026-08-30 18:10:11,669 - INFO - app.py - 5 - Aplicação OlivIA Ideas iniciada.
2026-08-30 18:10:11,669 - INFO - app.py - 5 - Aplicação OlivIA Ideas iniciada.
2026-08-30 18:10:11,669 - INFO - app.py - 5 - Aplicação OlivIA Ideas iniciada.
2026-08-30 18:10:11,669 - INFO - app.py - 5 - Aplicação OlivIA Ideas iniciada.
2026-08-30 18:10:11,669 - INFO - app.py - 5 - Aplicação OlivIA Ideas iniciada.
2026-08-30 18:10:13,408 - INFO - app.py - 5 - Aplicação OlivIA Ideas iniciada.
2026-08-30 18:10:13,408 - INFO - app.py - 5 - Aplicação OlivIA Ideas iniciada.
2026-08-30 18:10:13,408 - INFO - app.py - 5 - Aplicação OlivIA Ideas iniciada.
2026-08-30 18:10:13,408 - INFO - app.py - 5 - Aplicação OlivIA Ideas iniciada.
2026-08-30 18:10:13,408 - INFO - app.py - 5 - Aplicação OlivIA Ideas iniciada.
2026-08-30 18:10:13,408 - INFO - app.py - 5 - Aplicação OlivIA Ideas iniciada.
2026-08-30 18:10:13,408 - INFO - app.py - 5 - Aplicação OlivIA Ideas iniciada.
2026-08-30 18:10:13,501 - INFO - app.py - 5 - Aplicação OlivIA Ideas iniciada.
2026-08-30 18:10:13,501 - INFO - app.py - 5 - Aplicação OlivIA Ideas iniciada.
2026-08-30 18:10:13,501 - INFO - app.py - 5 - Aplicação OlivIA Ideas iniciada.
2026-08-30 18:10:13,501 - INFO - app.py - 5 - Aplicação OlivIA Ideas iniciada.
2026-08-30 18:10:13,501 - INFO - app.py - 5 - Aplicação OlivIA Ideas iniciada.
2026-08-30 18:10:13,501 - INFO - app.py - 5 - Aplicação OlivIA Ideas iniciada.
2026-08-30 18:10:13,501 - INFO - app.py - 5 - Aplicação OlivIA Ideas iniciada.
2026-08-30 18:10:13,592 - INFO - app.py - 5 - Aplicação OlivIA Ideas iniciada.
2026-08-30 18:10:13,592 - INFO - app.py - 5 - Aplicação OlivIA Ideas iniciada.
2026-08-30 18:10:13,592 - INFO - app.py - 5 - Aplicação OlivIA Ideas iniciada.
2026-08-30 18:10:13,592 - INFO - app.py - 5 - Aplicação OlivIA Ideas iniciada.
2026-08-30 18:10:13,592 - INFO - app.py - 5 - Aplicação OlivIA Ideas iniciada.
2026-08-30 18:10:13,592 - INFO - app.py - 5 - Aplicação OlivIA Ideas iniciada.
2026-08-30 18:10:13,592 - INFO - app.py - 5 - Aplicação OlivIA Ideas iniciada.
2026-08-30 18:10:13,677 - INFO - app.py - 5 - Aplicação OlivIA Ideas iniciada.
2026-08-30 18:10:13,677 - INFO - app.py - 5 - Aplicação OlivIA Ideas iniciada.
2026-08-30 18:10:13,677 - INFO - app.py - 5 - Aplicação OlivIA Ideas iniciada.
2026-08-30 18:10:13,677 - INFO - app.py - 5 - Aplicação OlivIA Ideas iniciada.
2026-08-30 18:10:13,677 - INFO - app.py - 5 - Aplicação OlivIA Ideas iniciada.
2026-08-30 18:10:13,677 - INFO - app.py - 5 - Aplicação OlivIA Ideas iniciada.
2026-08-30 18:10:13,677 - INFO - app.py - 5 - Aplicação OlivIA Ideas iniciada.
2026-08-30 18:10:13,757 - INFO - app.py - 5 - Aplicação OlivIA Ideas iniciada.
2026-08-30 18:10:13,757 - INFO - app.py - 5 - Aplicação OlivIA Ideas iniciada.
2026-08-30 18:10:13,757 - INFO - app.py - 5 - Aplicação OlivIA Ideas iniciada.
2026-08-30 18:10:13,757 - INFO - app.py - 5 - Aplicação OlivIA Ideas iniciada.
2026-08-30 18:10:13,757 - INFO - app.py - 5 - Aplicação OlivIA Ideas iniciada.
2026-08-30 18:10:13,757 - INFO - app.py - 5 - Aplicação OlivIA Ideas iniciada.
2026-08-30 18:10:13,757 - INFO - app.py - 5 - Aplicação OlivIA Ideas iniciada.
2026-08-30 18:12:36,054 - INFO - app.py - 5 - Aplicação OlivIA Ideas iniciada.
2026-08-30 18:12:36,054 - INFO - app.py - 5 - Aplicação OlivIA Ideas iniciada.
2026-08-30 18:12:36,054 - INFO - app.py - 5 - Aplicação OlivIA Ideas iniciada.
2026-08-30 18:12:36,054 - INFO - app.py - 5 - Aplicação OlivIA Ideas iniciada.
2026-08-30 18:12:36,054 - INFO - app.py - 5 - Aplicação OlivIA Ideas iniciada.
2026-08-30 18:12:36,054 - INFO - app.py - 5 - Aplicação OlivIA Ideas iniciada.
2026-08-30 18:12:36,054 - INFO - app.py - 5 - Aplicação OlivIA Ideas iniciada.
2026-08-30 18:12:36,147 - INFO - app.py - 5 - Aplicação OlivIA Ideas iniciada.
2026-08-30 18:12:36,147 - INFO - app.py - 5 - Aplicação OlivIA Ideas iniciada.
2026-08-30 18:12:36,147 - INFO - app.py - 5 - Aplicação OlivIA Ideas iniciada.
2026-08-30 18:12:36,147 - INFO - app.py - 5 - Aplicação OlivIA Ideas iniciada.
2026-08-30 18:12:36,147 - INFO - app.py - 5 - Aplicação OlivIA Ideas iniciada.
2026-08-30 18:12:36,147 - INFO - app.py - 5 - Aplicação OlivIA Ideas iniciada.
2026-08-30 18:12:36,147 - INFO - app.py - 5 - Aplicação OlivIA Ideas iniciada.
2026-08-30 20:50:53,854 - INFO - app.py - 5 - Aplicação OlivIA Ideas iniciada.
2026-08-30 20:53:01,757 - INFO - app.py - 5 - Aplicação OlivIA Ideas iniciada.
2026-08-30 20:53:06,470 - INFO - app.py - 5 - Aplicação OlivIA Ideas iniciada.
2026-08-30 21:03:13,361 - INFO - app.py - 5 - Aplicação OlivIA Ideas iniciada.
2026-08-30 21:03:13,414 - INFO - app.py - 5 - Aplicação OlivIA Ideas iniciada.
2026-08-30 21:03:13,505 - INFO - app.py - 5 - Aplicação OlivIA Ideas iniciada.
2026-08-30 21:03:13,675 - INFO - app.py - 5 - Aplicação OlivIA Ideas iniciada.
2026-08-30 21:03:15,750 - INFO - app.py - 5 - Aplicação OlivIA Ideas iniciada.
2026-08-30 21:03:15,834 - INFO - app.py - 5 - Aplicação OlivIA Ideas iniciada.
2026-08-30 21:03:15,924 - INFO - app.py - 5 - Aplicação OlivIA Ideas iniciada.
2026-08-30 21:03:15,999 - INFO - app.py - 5 - Aplicação OlivIA Ideas iniciada.
2026-08-30 21:03:16,692 - INFO - app.py - 5 - Aplicação OlivIA Ideas iniciada.
2026-08-30 21:03:16,815 - INFO - app.py - 5 - Aplicação OlivIA Ideas iniciada.
2026-08-30 21:03:18,496 - INFO - app.py - 5 - Aplicação OlivIA Ideas iniciada.
2026-08-30 21:03:32,197 - INFO - app.py - 5 - Aplicação OlivIA Ideas iniciada.
2026-08-30 21:03:32,250 - INFO - app.py - 5 - Aplicação OlivIA Ideas iniciada.
2026-08-30 21:03:33,921 - INFO - app.py - 5 - Aplicação OlivIA Ideas iniciada.
2026-08-30 21:03:33,996 - INFO - app.py - 5 - Aplicação OlivIA Ideas iniciada.
2026-08-30 21:03:34,070 - INFO - app.py - 5 - Aplicação OlivIA Ideas iniciada.
2026-08-30 21:03:34,145 - INFO - app.py - 5 - Aplicação OlivIA Ideas iniciada.
2026-08-30 21:03:34,218 - INFO - app.py - 5 - Aplicação OlivIA Ideas iniciada.
2026-08-30 21:04:13,058 - INFO - app.py - 5 - Aplicação OlivIA Ideas iniciada.
2026-08-30 21:04:13,107 - INFO - app.py - 5 - Aplicação OlivIA Ideas iniciada.
2026-08-30 21:04:14,796 - INFO - app.py - 5 - Aplicação OlivIA Ideas iniciada.
2026-08-30 21:04:14,875 - INFO - app.py - 5 - Aplicação OlivIA Ideas iniciada.
2026-08-30 21:04:14,950 - INFO - app.py - 5 - Aplicação OlivIA Ideas iniciada.
2026-08-30 21:04:15,026 - INFO - app.py - 5 - Aplicação OlivIA Ideas iniciada.
2026-08-30 21:04:15,109 - INFO - app.py - 5 - Aplicação OlivIA Ideas iniciada.
2026-08-30 21:04:15,198 - INFO - app.py - 5 - Aplicação OlivIA Ideas iniciada.
2026-08-30 21:04:15,251 - INFO - app.py - 5 - Aplicação OlivIA Ideas iniciada.
2026-08-30 21:04:17,730 - INFO - app.py - 5 - Aplicação OlivIA Ideas iniciada.
2026-08-30 21:04:17,831 - INFO - app.py - 5 - Aplicação OlivIA Ideas iniciada.
2026-08-30 21:04:17,903 - INFO - app.py - 5 - Aplicação OlivIA Ideas iniciada.
2026-08-30 21:04:17,980 - INFO - app.py - 5 - Aplicação OlivIA Ideas iniciada.
2026-08-30 21:04:18,076 - INFO - app.py - 5 - Aplicação OlivIA Ideas iniciada.
2026-08-30 21:04:18,156 - INFO - app.py - 5 - Aplicação OlivIA Ideas iniciada.
2026-08-30 21:04:18,211 - INFO - app.py - 5 - Aplicação OlivIA Ideas iniciada.
2026-08-30 21:04:19,886 - INFO - app.py - 5 - Aplicação OlivIA Ideas iniciada.
2026-08-30 21:04:19,969 - INFO - app.py - 5 - Aplicação OlivIA Ideas iniciada.
2026-08-30 21:04:20,045 - INFO - app.py - 5 - Aplicação OlivIA Ideas iniciada.
2026-08-30 21:04:20,123 - INFO - app.py - 5 - Aplicação OlivIA Ideas iniciada.
2026-08-30 21:04:20,202 - INFO - app.py - 5 - Aplicação OlivIA Ideas iniciada.
2026-08-30 21:04:42,013 - INFO - app.py - 5 - Aplicação OlivIA Ideas iniciada.
2026-08-30 21:04:42,066 - INFO - app.py - 5 - Aplicação OlivIA Ideas iniciada.
2026-08-30 21:04:43,736 - INFO - app.py - 5 - Aplicação OlivIA Ideas iniciada.
2026-08-30 21:04:43,813 - INFO - app.py - 5 - Aplicação OlivIA Ideas iniciada.
2026-08-30 21:04:43,903 - INFO - app.py - 5 - Aplicação OlivIA Ideas iniciada.
2026-08-30 21:04:43,994 - INFO - app.py - 5 - Aplicação OlivIA Ideas iniciada.
2026-08-30 21:04:44,066 - INFO - app.py - 5 - Aplicação OlivIA Ideas iniciada.
2026-08-30 21:04:44,179 - INFO - app.py - 5 - Aplicação OlivIA Ideas iniciada.
2026-08-30 21:04:44,310 - INFO - app.py - 5 - Aplicação OlivIA Ideas iniciada.
2026-08-30 21:04:45,989 - INFO - app.py - 5 - Aplicação OlivIA Ideas iniciada.
2026-08-30 21:04:46,097 - INFO - app.py - 5 - Aplicação OlivIA Ideas iniciada.
2026-08-30 21:04:46,171 - INFO - app.py - 5 - Aplicação OlivIA Ideas iniciada.
2026-08-30 21:04:46,245 - INFO - app.py - 5 - Aplicação OlivIA Ideas iniciada.
2026-08-30 21:04:46,318 - INFO - app.py - 5 - Aplicação OlivIA Ideas iniciada.
2026-08-30 21:04:56,733 - INFO - app.py - 5 - Aplicação OlivIA Ideas iniciada.
2026-08-30 21:04:56,744 - INFO - idea_service.py - 39 - Testing info message
2026-08-30 21:04:56,744 - DEBUG - idea_service.py - 40 - Testing debug message
2026-08-30 21:04:56,744 - WARNING - idea_service.py - 41 - Testing warning log message
2026-08-30 21:04:56,745 - ERROR - idea_service.py - 42 - Testing error log message
2026-08-30 21:04:56,745 - CRITICAL - idea_service.py - 43 - Testing critical log message
2026-08-30 21:04:56,857 - INFO - idea_service.py - 53 - Idea created successfully
2026-08-30 21:05:38,946 - INFO - app.py - 5 - Aplicação OlivIA Ideas iniciada.
2026-08-30 21:05:41,289 - INFO - app.py - 5 - Aplicação OlivIA Ideas iniciada.
2026-08-30 21:05:44,090 - INFO - app.py - 5 - Aplicação OlivIA Ideas iniciada.
2026-08-30 21:05:45,141 - INFO - app.py - 5 - Aplicação OlivIA Ideas iniciada.
2026-08-30 21:05:45,921 - INFO - app.py - 5 - Aplicação OlivIA Ideas iniciada.
2026-08-30 21:05:46,673 - INFO - app.py - 5 - Aplicação OlivIA Ideas iniciada.
2026-08-30 21:05:47,383 - INFO - app.py - 5 - Aplicação OlivIA Ideas iniciada.
2026-08-30 21:05:48,236 - INFO - app.py - 5 - Aplicação OlivIA Ideas iniciada.
2026-08-30 21:05:55,995 - INFO - app.py - 5 - Aplicação OlivIA Ideas iniciada.
2026-08-30 21:05:56,111 - INFO - app.py - 5 - Aplicação OlivIA Ideas iniciada.
2026-08-30 21:05:56,124 - INFO - idea_service.py - 39 - Testing info message
2026-08-30 21:05:56,124 - DEBUG - idea_service.py - 40 - Testing debug message
2026-08-30 21:05:56,125 - WARNING - idea_service.py - 41 - Testing warning log message
2026-08-30 21:05:56,125 - ERROR - idea_service.py - 42 - Testing error log message
2026-08-30 21:05:56,126 - CRITICAL - idea_service.py - 43 - Testing critical log message
2026-08-30 21:05:56,161 - INFO - idea_service.py - 53 - Idea created successfully
2026-08-30 21:20:13,349 - INFO - app.py - 5 - Aplicação OlivIA Ideas iniciada.
2026-08-30 21:20:13,401 - INFO - app.py - 5 - Aplicação OlivIA Ideas iniciada.
2026-08-30 21:20:15,070 - INFO - app.py - 5 - Aplicação OlivIA Ideas iniciada.
2026-08-30 21:20:15,158 - INFO - app.py - 5 - Aplicação OlivIA Ideas iniciada.
2026-08-30 21:20:15,249 - INFO - app.py - 5 - Aplicação OlivIA Ideas iniciada.
2026-08-30 21:20:15,334 - INFO - app.py - 5 - Aplicação OlivIA Ideas iniciada.
2026-08-30 21:20:15,412 - INFO - app.py - 5 - Aplicação OlivIA Ideas iniciada.
2026-08-30 21:20:15,482 - INFO - app.py - 5 - Aplicação OlivIA Ideas iniciada.
2026-08-30 21:20:15,577 - INFO - app.py - 5 - Aplicação OlivIA Ideas iniciada.
2026-08-30 21:20:17,244 - INFO - app.py - 5 - Aplicação OlivIA Ideas iniciada.
2026-08-30 21:20:17,309 - INFO - app.py - 5 - Aplicação OlivIA Ideas iniciada.
2026-08-30 21:20:17,385 - INFO - app.py - 5 - Aplicação OlivIA Ideas iniciada.
2026-08-30 21:20:17,448 - INFO - app.py - 5 - Aplicação OlivIA Ideas iniciada.
2026-08-30 21:20:17,523 - INFO - app.py - 5 - Aplicação OlivIA Ideas iniciada.
2026-08-30 21:20:19,571 - INFO - app.py - 5 - Aplicação OlivIA Ideas iniciada.
2026-08-30 21:20:19,676 - INFO - app.py - 5 - Aplicação OlivIA Ideas iniciada.
2026-08-30 21:20:21,340 - INFO - app.py - 5 - Aplicação OlivIA Ideas iniciada.
2026-08-30 21:20:21,443 - INFO - app.py - 5 - Aplicação OlivIA Ideas iniciada.
2026-08-30 21:20:21,554 - INFO - app.py - 5 - Aplicação OlivIA Ideas iniciada.
2026-08-30 21:20:21,651 - INFO - app.py - 5 - Aplicação OlivIA Ideas iniciada.
2026-08-30 21:20:21,732 - INFO - app.py - 5 - Aplicação OlivIA Ideas iniciada.
2026-08-30 21:20:30,500 - INFO - app.py - 5 - Aplicação OlivIA Ideas iniciada.
2026-08-30 21:20:30,611 - INFO - app.py - 5 - Aplicação OlivIA Ideas iniciada.
2026-08-30 21:20:32,276 - INFO - app.py - 5 - Aplicação OlivIA Ideas iniciada.
2026-08-30 21:20:32,344 - INFO - app.py - 5 - Aplicação OlivIA Ideas iniciada.
2026-08-30 21:20:32,467 - INFO - app.py - 5 - Aplicação OlivIA Ideas iniciada.
2026-08-30 21:20:32,536 - INFO - app.py - 5 - Aplicação OlivIA Ideas iniciada.
2026-08-30 21:20:32,610 - INFO - app.py - 5 - Aplicação OlivIA Ideas iniciada.
2026-08-30 21:20:43,097 - INFO - app.py - 5 - Aplicação OlivIA Ideas iniciada.
2026-08-30 21:20:43,150 - INFO - app.py - 5 - Aplicação OlivIA Ideas iniciada.
2026-08-30 21:20:44,823 - INFO - app.py - 5 - Aplicação OlivIA Ideas iniciada.
2026-08-30 21:20:44,954 - INFO - app.py - 5 - Aplicação OlivIA Ideas iniciada.
2026-08-30 21:20:45,023 - INFO - app.py - 5 - Aplicação OlivIA Ideas iniciada.
2026-08-30 21:20:45,094 - INFO - app.py - 5 - Aplicação OlivIA Ideas iniciada.
2026-08-30 21:20:45,158 - INFO - app.py - 5 - Aplicação OlivIA Ideas iniciada.
2026-08-30 21:21:18,777 - INFO - app.py - 5 - Aplicação OlivIA Ideas iniciada.
2026-08-30 21:21:18,884 - INFO - app.py - 5 - Aplicação OlivIA Ideas iniciada.
2026-08-30 21:21:21,361 - INFO - app.py - 5 - Aplicação OlivIA Ideas iniciada.
2026-08-30 21:21:21,446 - INFO - app.py - 5 - Aplicação OlivIA Ideas iniciada.
2026-08-30 21:21:21,522 - INFO - app.py - 5 - Aplicação OlivIA Ideas iniciada.
2026-08-30 21:21:21,588 - INFO - app.py - 5 - Aplicação OlivIA Ideas iniciada.
2026-08-30 21:21:21,654 - INFO - app.py - 5 - Aplicação OlivIA Ideas iniciada.
2026-08-30 23:11:46,442 - INFO - app.py - 5 - Aplicação OlivIA Ideas iniciada.
2026-08-30 23:11:47,214 - INFO - app.py - 5 - Aplicação OlivIA Ideas iniciada.
2026-08-30 23:11:47,319 - INFO - app.py - 5 - Aplicação OlivIA Ideas iniciada.
2026-08-30 23:11:47,383 - INFO - app.py - 5 - Aplicação OlivIA Ideas iniciada.
2026-08-30 23:11:47,449 - INFO - app.py - 5 - Aplicação OlivIA Ideas iniciada.
2026-08-30 23:11:47,522 - INFO - app.py - 5 - Aplicação OlivIA Ideas iniciada.
2026-08-30 23:11:47,590 - INFO - app.py - 5 - Aplicação OlivIA Ideas iniciada.
2026-08-30 23:11:47,653 - INFO - app.py - 5 - Aplicação OlivIA Ideas iniciada.
2026-08-30 23:11:47,717 - INFO - app.py - 5 - Aplicação OlivIA Ideas iniciada.
2026-08-30 23:11:47,790 - INFO - app.py - 5 - Aplicação OlivIA Ideas iniciada.
2026-08-30 23:11:47,855 - INFO - app.py - 5 - Aplicação OlivIA Ideas iniciada.
2026-08-30 23:11:47,919 - INFO - app.py - 5 - Aplicação OlivIA Ideas iniciada.
2026-08-30 23:11:47,997 - INFO - app.py - 5 - Aplicação OlivIA Ideas iniciada.
2026-08-30 23:11:48,065 - INFO - app.py - 5 - Aplicação OlivIA Ideas iniciada.
2026-08-30 23:11:48,127 - INFO - app.py - 5 - Aplicação OlivIA Ideas iniciada.
2026-08-30 23:11:48,190 - INFO - app.py - 5 - Aplicação OlivIA Ideas iniciada.
2026-08-30 23:11:48,256 - INFO - app.py - 5 - Aplicação OlivIA Ideas iniciada.
2026-08-30 23:11:48,322 - INFO - app.py - 5 - Aplicação OlivIA Ideas iniciada.
2026-08-30 23:11:48,388 - INFO - app.py - 5 - Aplicação OlivIA Ideas iniciada.
2026-08-30 23:11:48,456 - INFO - app.py - 5 - Aplicação OlivIA Ideas iniciada.
2026-08-30 23:21:45,409 - INFO - app.py - 5 - Aplicação OlivIA Ideas iniciada.
2026-08-30 23:21:45,546 - INFO - app.py - 5 - Aplicação OlivIA Ideas iniciada.
2026-08-30 23:21:47,212 - INFO - app.py - 5 - Aplicação OlivIA Ideas iniciada.
2026-08-30 23:21:47,277 - INFO - app.py - 5 - Aplicação OlivIA Ideas iniciada.
2026-08-30 23:21:47,340 - INFO - app.py - 5 - Aplicação OlivIA Ideas iniciada.
2026-08-30 23:21:47,401 - INFO - app.py - 5 - Aplicação OlivIA Ideas iniciada.
2026-08-30 23:21:47,463 - INFO - app.py - 5 - Aplicação OlivIA Ideas iniciada.
2026-08-30 23:21:47,529 - INFO - app.py - 5 - Aplicação OlivIA Ideas iniciada.
2026-08-30 23:21:55,990 - INFO - app.py - 5 - Aplicação OlivIA Ideas iniciada.
2026-08-30 23:21:56,064 - INFO - app.py - 5 - Aplicação OlivIA Ideas iniciada.
2026-08-30 23:21:59,813 - INFO - app.py - 5 - Aplicação OlivIA Ideas iniciada.
2026-08-30 23:21:59,911 - INFO - app.py - 5 - Aplicação OlivIA Ideas iniciada.
2026-08-30 23:22:01,578 - INFO - app.py - 5 - Aplicação OlivIA Ideas iniciada.
2026-08-30 23:32:17,634 - INFO - app.py - 5 - Aplicação OlivIA Ideas iniciada.
2026-08-30 23:32:17,701 - INFO - app.py - 5 - Aplicação OlivIA Ideas iniciada.
2026-08-30 23:32:20,171 - INFO - app.py - 5 - Aplicação OlivIA Ideas iniciada.
2026-08-31 19:47:14,497 - INFO - app.py - 5 - Aplicação OlivIA Ideas iniciada.
2026-08-31 19:47:40,473 - INFO - app.py - 5 - Aplicação OlivIA Ideas iniciada.
2026-08-31 19:47:43,353 - INFO - app.py - 5 - Aplicação OlivIA Ideas iniciada.
2026-08-31 19:47:43,504 - INFO - app.py - 5 - Aplicação OlivIA Ideas iniciada.
2026-08-31 19:47:43,585 - INFO - app.py - 5 - Aplicação OlivIA Ideas iniciada.
2026-08-31 19:47:43,642 - INFO - app.py - 5 - Aplicação OlivIA Ideas iniciada.
2026-08-31 19:47:43,728 - INFO - app.py - 5 - Aplicação OlivIA Ideas iniciada.
2026-08-31 19:47:43,849 - INFO - app.py - 5 - Aplicação OlivIA Ideas iniciada.
2026-08-31 19:47:44,961 - INFO - app.py - 5 - Aplicação OlivIA Ideas iniciada.
2026-08-31 19:47:45,022 - INFO - app.py - 5 - Aplicação OlivIA Ideas iniciada.
2026-08-31 19:47:45,082 - INFO - app.py - 5 - Aplicação OlivIA Ideas iniciada.
2026-08-31 19:47:46,508 - INFO - app.py - 5 - Aplicação OlivIA Ideas iniciada.
2026-08-31 19:47:46,566 - INFO - app.py - 5 - Aplicação OlivIA Ideas iniciada.
2026-08-31 19:48:42,719 - INFO - app.py - 5 - Aplicação OlivIA Ideas iniciada.
2026-09-01 08:18:49,251 - DEBUG - create.py - 8 - Create page module loaded.
2026-09-01 08:19:34,835 - DEBUG - create.py - 8 - Create page module loaded.
2026-09-01 08:19:44,711 - DEBUG - create.py - 8 - Create page module loaded.
2026-09-01 08:19:44,935 - DEBUG - create.py - 8 - Create page module loaded.
2026-09-01 08:19:44,940 - INFO - create.py - 247 - Create idea button clicked.
2026-09-01 08:19:45,103 - INFO - idea_service.py - 47 - Idea created successfully
2026-09-01 09:45:10,132 - DEBUG - idea_service.py - 22 - Initializing IdeaService
2026-09-01 09:45:10,275 - DEBUG - idea_service.py - 28 - IdeaService initialized successfully
2026-09-01 09:45:10,275 - DEBUG - create.py - 8 - Create page module loaded.
2026-09-01 09:59:59,065 - INFO - create_idea_controller.py - 13 - Create idea request received
2026-09-01 09:59:59,065 - DEBUG - idea_service.py - 22 - Initializing IdeaService
2026-09-01 09:59:59,165 - DEBUG - idea_service.py - 28 - IdeaService initialized successfully
2026-09-01 09:59:59,166 - DEBUG - create.py - 8 - Create page module loaded.
2026-09-01 10:03:46,590 - DEBUG - create.py - 8 - Create page module loaded.
2026-09-01 10:04:00,063 - DEBUG - create.py - 8 - Create page module loaded.
2026-09-01 10:04:00,273 - DEBUG - create.py - 8 - Create page module loaded.
2026-09-01 10:04:00,278 - INFO - create.py - 247 - Create idea button clicked.
2026-09-01 10:04:00,279 - DEBUG - create.py - 267 - Idea input received.
2026-09-01 10:04:00,279 - INFO - create.py - 269 - Idea creation completed succesfully
2026-09-01 10:04:00,280 - INFO - create_idea_controller.py - 28 - Create idea request completed successfully
2026-09-01 10:04:00,281 - INFO - idea_service.py - 43 - Starting idea creation
2026-09-01 10:04:00,282 - DEBUG - idea_service.py - 46 - Validating idea payload
2026-09-01 10:04:00,282 - DEBUG - idea_service.py - 52 - Payload validated successfully
2026-09-01 10:04:00,283 - DEBUG - idea_service.py - 56 - Persisting idea
2026-09-01 10:04:00,404 - INFO - idea_service.py - 60 - Idea created successfully
2026-09-01 10:04:00,404 - DEBUG - idea_service.py - 99 - Checking if AI features should be used
2026-09-01 10:08:44,816 - DEBUG - create.py - 8 - Create page module loaded.
2026-09-01 10:28:56,681 - DEBUG - create.py - 8 - Create page module loaded.
2026-09-01 17:13:44,068 - DEBUG - idea_service.py - 22 - Initializing IdeaService
2026-09-01 17:13:44,235 - DEBUG - idea_service.py - 28 - IdeaService initialized successfully
2026-09-01 17:16:28,449 - DEBUG - idea_service.py - 22 - Initializing IdeaService
2026-09-01 17:16:28,485 - DEBUG - idea_service.py - 28 - IdeaService initialized successfully
2026-09-01 17:16:41,035 - DEBUG - idea_service.py - 22 - Initializing IdeaService
2026-09-01 17:16:41,069 - DEBUG - idea_service.py - 28 - IdeaService initialized successfully
2026-09-01 17:17:09,422 - DEBUG - idea_service.py - 22 - Initializing IdeaService
2026-09-01 17:17:09,457 - DEBUG - idea_service.py - 28 - IdeaService initialized successfully
2026-09-01 17:17:22,925 - DEBUG - idea_service.py - 22 - Initializing IdeaService
2026-09-01 17:17:22,959 - DEBUG - idea_service.py - 28 - IdeaService initialized successfully
2026-09-01 17:18:16,963 - DEBUG - idea_service.py - 22 - Initializing IdeaService
2026-09-01 17:18:16,997 - DEBUG - idea_service.py - 28 - IdeaService initialized successfully
2026-09-01 17:18:38,231 - DEBUG - idea_service.py - 22 - Initializing IdeaService
2026-09-01 17:18:38,265 - DEBUG - idea_service.py - 28 - IdeaService initialized successfully
2026-09-01 17:18:50,690 - DEBUG - idea_service.py - 22 - Initializing IdeaService
2026-09-01 17:18:50,722 - DEBUG - idea_service.py - 28 - IdeaService initialized successfully
2026-09-01 17:18:53,809 - DEBUG - idea_service.py - 22 - Initializing IdeaService
2026-09-01 17:18:53,852 - DEBUG - idea_service.py - 28 - IdeaService initialized successfully
2026-09-01 17:19:01,356 - DEBUG - idea_service.py - 22 - Initializing IdeaService
2026-09-01 17:19:01,395 - DEBUG - idea_service.py - 28 - IdeaService initialized successfully
2026-09-01 17:19:12,394 - DEBUG - idea_service.py - 22 - Initializing IdeaService
2026-09-01 17:19:12,427 - DEBUG - idea_service.py - 28 - IdeaService initialized successfully
2026-09-01 17:22:50,894 - DEBUG - idea_service.py - 22 - Initializing IdeaService
2026-09-01 17:22:50,926 - DEBUG - idea_service.py - 28 - IdeaService initialized successfully
2026-09-01 17:22:52,834 - DEBUG - idea_service.py - 22 - Initializing IdeaService
2026-09-01 17:22:52,863 - DEBUG - idea_service.py - 28 - IdeaService initialized successfully
2026-09-01 17:22:56,074 - DEBUG - idea_service.py - 22 - Initializing IdeaService
2026-09-01 17:22:56,107 - DEBUG - idea_service.py - 28 - IdeaService initialized successfully
2026-09-01 17:23:28,696 - DEBUG - idea_service.py - 22 - Initializing IdeaService
2026-09-01 17:23:28,731 - DEBUG - idea_service.py - 28 - IdeaService initialized successfully
2026-09-01 17:23:33,343 - DEBUG - idea_service.py - 22 - Initializing IdeaService
2026-09-01 17:23:33,377 - DEBUG - idea_service.py - 28 - IdeaService initialized successfully
2026-09-01 17:23:37,093 - DEBUG - idea_service.py - 22 - Initializing IdeaService
2026-09-01 17:23:37,134 - DEBUG - idea_service.py - 28 - IdeaService initialized successfully
2026-09-01 17:24:22,602 - DEBUG - idea_service.py - 22 - Initializing IdeaService
2026-09-01 17:24:22,636 - DEBUG - idea_service.py - 28 - IdeaService initialized successfully
2026-09-01 17:24:55,666 - DEBUG - idea_service.py - 22 - Initializing IdeaService
2026-09-01 17:24:55,700 - DEBUG - idea_service.py - 28 - IdeaService initialized successfully
2026-09-01 17:24:58,788 - DEBUG - idea_service.py - 22 - Initializing IdeaService
2026-09-01 17:24:58,822 - DEBUG - idea_service.py - 28 - IdeaService initialized successfully
2026-09-01 17:25:06,279 - DEBUG - idea_service.py - 22 - Initializing IdeaService
2026-09-01 17:25:06,318 - DEBUG - idea_service.py - 28 - IdeaService initialized successfully
2026-09-01 17:25:08,147 - DEBUG - idea_service.py - 22 - Initializing IdeaService
2026-09-01 17:25:08,178 - DEBUG - idea_service.py - 28 - IdeaService initialized successfully
2026-09-01 17:25:55,408 - DEBUG - idea_service.py - 22 - Initializing IdeaService
2026-09-01 17:25:55,448 - DEBUG - idea_service.py - 28 - IdeaService initialized successfully
2026-09-01 17:31:37,616 - INFO - create.py - 240 - Create idea button clicked.
2026-09-01 17:31:37,616 - INFO - create.py - 261 - Payload built successfully, submitting to controller.
2026-09-01 17:31:37,617 - INFO - create.py - 204 - Submitting payload to controller | use_ai:False | show_report:False
2026-09-01 17:31:37,618 - INFO - create_idea_controller.py - 26 - Create idea request received
2026-09-01 17:31:37,618 - INFO - idea_service.py - 43 - Starting idea creation
2026-09-01 17:31:37,618 - DEBUG - idea_service.py - 46 - Validating idea payload
2026-09-01 17:31:37,619 - ERROR - create.py - 221 - Failed to submit idea
Traceback (most recent call last):
  File "C:\Users\ester\OneDrive\Documentos\Code\olivia-ideas\frontend\pages\create.py", line 210, in submit
    response = (create_idea_controller.create_idea(payload))
  File "C:\Users\ester\OneDrive\Documentos\Code\olivia-ideas\backend\controllers\create_idea_controller.py", line 28, in create_idea
    result = self.idea_service.create_idea(payload)
  File "C:\Users\ester\OneDrive\Documentos\Code\olivia-ideas\backend\services\idea_service.py", line 48, in create_idea
    payload = self.validation_service.validate_payload(payload)
  File "C:\Users\ester\OneDrive\Documentos\Code\olivia-ideas\backend\services\validation_service.py", line 46, in validate_payload
    self._validate_options(payload["options"])
    ~~~~~~~~~~~~~~~~~~~~~~^^^^^^^^^^^^^^^^^^^^
  File "C:\Users\ester\OneDrive\Documentos\Code\olivia-ideas\backend\services\validation_service.py", line 78, in _validate_options
    self._validate_use_ai(options["use_ai"])
    ~~~~~~~~~~~~~~~~~~~~~^^^^^^^^^^^^^^^^^^^
  File "C:\Users\ester\OneDrive\Documentos\Code\olivia-ideas\backend\services\validation_service.py", line 83, in _validate_use_ai
    raise ValidationError("Invalid AI configuration.")
backend.services.validation_service.ValidationError: Invalid AI configuration.
2026-09-01 17:31:37,761 - DEBUG - idea_service.py - 22 - Initializing IdeaService
2026-09-01 17:31:37,793 - DEBUG - idea_service.py - 28 - IdeaService initialized successfully
2026-09-01 17:31:38,047 - DEBUG - idea_service.py - 22 - Initializing IdeaService
2026-09-01 17:31:38,075 - DEBUG - idea_service.py - 28 - IdeaService initialized successfully
2026-09-01 17:31:38,386 - DEBUG - idea_service.py - 22 - Initializing IdeaService
2026-09-01 17:31:38,445 - DEBUG - idea_service.py - 28 - IdeaService initialized successfully
2026-09-01 17:31:38,632 - DEBUG - idea_service.py - 22 - Initializing IdeaService
2026-09-01 17:31:38,686 - DEBUG - idea_service.py - 28 - IdeaService initialized successfully
2026-09-01 17:31:38,968 - DEBUG - idea_service.py - 22 - Initializing IdeaService
2026-09-01 17:31:39,002 - DEBUG - idea_service.py - 28 - IdeaService initialized successfully
2026-09-01 17:31:39,189 - DEBUG - idea_service.py - 22 - Initializing IdeaService
2026-09-01 17:31:39,237 - DEBUG - idea_service.py - 28 - IdeaService initialized successfully
2026-09-01 17:31:39,456 - DEBUG - idea_service.py - 22 - Initializing IdeaService
2026-09-01 17:31:39,502 - DEBUG - idea_service.py - 28 - IdeaService initialized successfully
2026-09-01 17:31:39,694 - DEBUG - idea_service.py - 22 - Initializing IdeaService
2026-09-01 17:31:39,743 - DEBUG - idea_service.py - 28 - IdeaService initialized successfully
2026-09-01 17:32:13,700 - INFO - create.py - 240 - Create idea button clicked.
2026-09-01 17:32:13,700 - INFO - create.py - 261 - Payload built successfully, submitting to controller.
2026-09-01 17:32:13,701 - INFO - create.py - 204 - Submitting payload to controller | use_ai:False | show_report:False
2026-09-01 17:32:13,701 - INFO - create_idea_controller.py - 26 - Create idea request received
2026-09-01 17:32:13,702 - INFO - idea_service.py - 43 - Starting idea creation
2026-09-01 17:32:13,703 - DEBUG - idea_service.py - 46 - Validating idea payload
2026-09-01 17:32:13,703 - ERROR - create.py - 221 - Failed to submit idea
Traceback (most recent call last):
  File "C:\Users\ester\OneDrive\Documentos\Code\olivia-ideas\frontend\pages\create.py", line 210, in submit
    response = (create_idea_controller.create_idea(payload))
  File "C:\Users\ester\OneDrive\Documentos\Code\olivia-ideas\backend\controllers\create_idea_controller.py", line 28, in create_idea
    result = self.idea_service.create_idea(payload)
  File "C:\Users\ester\OneDrive\Documentos\Code\olivia-ideas\backend\services\idea_service.py", line 48, in create_idea
    payload = self.validation_service.validate_payload(payload)
  File "C:\Users\ester\OneDrive\Documentos\Code\olivia-ideas\backend\services\validation_service.py", line 46, in validate_payload
    self._validate_options(payload["options"])
    ~~~~~~~~~~~~~~~~~~~~~~^^^^^^^^^^^^^^^^^^^^
  File "C:\Users\ester\OneDrive\Documentos\Code\olivia-ideas\backend\services\validation_service.py", line 78, in _validate_options
    self._validate_use_ai(options["use_ai"])
    ~~~~~~~~~~~~~~~~~~~~~^^^^^^^^^^^^^^^^^^^
  File "C:\Users\ester\OneDrive\Documentos\Code\olivia-ideas\backend\services\validation_service.py", line 83, in _validate_use_ai
    raise ValidationError("Invalid AI configuration.")
backend.services.validation_service.ValidationError: Invalid AI configuration.
2026-09-01 17:33:00,310 - DEBUG - idea_service.py - 22 - Initializing IdeaService
2026-09-01 17:33:00,342 - DEBUG - idea_service.py - 28 - IdeaService initialized successfully
2026-09-01 17:33:01,502 - INFO - create.py - 240 - Create idea button clicked.
2026-09-01 17:33:01,503 - INFO - create.py - 261 - Payload built successfully, submitting to controller.
2026-09-01 17:33:01,504 - INFO - create.py - 204 - Submitting payload to controller | use_ai:{'title': False, 'methodology': {'what': False, 'why': False, 'where': False, 'when': False, 'who': False, 'how': False, 'how_much': False}} | show_report:False
2026-09-01 17:33:01,504 - INFO - create_idea_controller.py - 26 - Create idea request received
2026-09-01 17:33:01,505 - INFO - idea_service.py - 43 - Starting idea creation
2026-09-01 17:33:01,505 - DEBUG - idea_service.py - 46 - Validating idea payload
2026-09-01 17:33:01,506 - DEBUG - idea_service.py - 52 - Payload validated successfully
2026-09-01 17:33:01,506 - DEBUG - idea_service.py - 56 - Persisting idea
2026-09-01 17:33:01,627 - INFO - idea_service.py - 60 - Idea created successfully
2026-09-01 17:33:01,627 - DEBUG - idea_service.py - 99 - Checking if AI features should be used
2026-09-01 17:33:01,628 - INFO - create_idea_controller.py - 30 - Create idea request completed successfully
2026-09-01 17:33:01,629 - INFO - create.py - 213 - Payload submitted successfully
2026-09-01 17:33:01,743 - INFO - create.py - 240 - Create idea button clicked.
2026-09-01 17:33:01,744 - INFO - create.py - 261 - Payload built successfully, submitting to controller.
2026-09-01 17:33:01,744 - INFO - create.py - 204 - Submitting payload to controller | use_ai:{'title': False, 'methodology': {'what': False, 'why': False, 'where': False, 'when': False, 'who': False, 'how': False, 'how_much': False}} | show_report:False
2026-09-01 17:33:01,744 - INFO - create_idea_controller.py - 26 - Create idea request received
2026-09-01 17:33:01,745 - INFO - idea_service.py - 43 - Starting idea creation
2026-09-01 17:33:01,745 - DEBUG - idea_service.py - 46 - Validating idea payload
2026-09-01 17:33:01,746 - DEBUG - idea_service.py - 52 - Payload validated successfully
2026-09-01 17:33:01,746 - DEBUG - idea_service.py - 56 - Persisting idea
2026-09-01 17:33:01,781 - INFO - idea_service.py - 60 - Idea created successfully
2026-09-01 17:33:01,781 - DEBUG - idea_service.py - 99 - Checking if AI features should be used
2026-09-01 17:33:01,781 - INFO - create_idea_controller.py - 30 - Create idea request completed successfully
2026-09-01 17:33:01,782 - INFO - create.py - 213 - Payload submitted successfully
2026-09-01 17:33:32,135 - DEBUG - idea_service.py - 22 - Initializing IdeaService
2026-09-01 17:33:32,172 - DEBUG - idea_service.py - 28 - IdeaService initialized successfully
2026-09-01 17:34:20,106 - INFO - create.py - 240 - Create idea button clicked.
2026-09-01 17:34:20,107 - INFO - create.py - 261 - Payload built successfully, submitting to controller.
2026-09-01 17:34:20,108 - INFO - create.py - 204 - Submitting payload to controller | use_ai:{'title': False, 'methodology': {'what': False, 'why': False, 'where': False, 'when': False, 'who': False, 'how': False, 'how_much': False}} | show_report:False
2026-09-01 17:34:20,108 - INFO - create_idea_controller.py - 26 - Create idea request received
2026-09-01 17:34:20,109 - INFO - idea_service.py - 43 - Starting idea creation
2026-09-01 17:34:20,109 - DEBUG - idea_service.py - 46 - Validating idea payload
2026-09-01 17:34:20,110 - DEBUG - idea_service.py - 52 - Payload validated successfully
2026-09-01 17:34:20,110 - DEBUG - idea_service.py - 56 - Persisting idea
2026-09-01 17:34:20,141 - INFO - idea_service.py - 60 - Idea created successfully
2026-09-01 17:34:20,143 - DEBUG - idea_service.py - 99 - Checking if AI features should be used
2026-09-01 17:34:20,143 - INFO - create_idea_controller.py - 30 - Create idea request completed successfully
2026-09-01 17:34:20,145 - INFO - create.py - 213 - Payload submitted successfully
2026-09-01 17:34:29,226 - DEBUG - idea_service.py - 22 - Initializing IdeaService
2026-09-01 17:34:29,257 - DEBUG - idea_service.py - 28 - IdeaService initialized successfully
2026-09-01 17:34:30,694 - DEBUG - idea_service.py - 22 - Initializing IdeaService
2026-09-01 17:34:30,734 - DEBUG - idea_service.py - 28 - IdeaService initialized successfully
2026-09-01 17:38:52,711 - DEBUG - idea_service.py - 22 - Initializing IdeaService
2026-09-01 17:38:52,731 - DEBUG - idea_service.py - 28 - IdeaService initialized successfully
2026-09-01 17:41:42,544 - DEBUG - idea_service.py - 22 - Initializing IdeaService
2026-09-01 17:41:42,570 - DEBUG - idea_service.py - 28 - IdeaService initialized successfully
2026-09-01 17:43:12,805 - DEBUG - idea_service.py - 22 - Initializing IdeaService
2026-09-01 17:43:12,824 - DEBUG - idea_service.py - 28 - IdeaService initialized successfully
2026-09-01 17:43:33,141 - DEBUG - idea_service.py - 22 - Initializing IdeaService
2026-09-01 17:43:33,164 - DEBUG - idea_service.py - 28 - IdeaService initialized successfully
2026-09-02 16:23:39,682 - DEBUG - idea_service.py - 22 - Initializing IdeaService
2026-09-02 16:23:39,801 - DEBUG - idea_service.py - 28 - IdeaService initialized successfully
2026-09-02 16:27:14,201 - DEBUG - idea_service.py - 22 - Initializing IdeaService
2026-09-02 16:27:14,227 - DEBUG - idea_service.py - 28 - IdeaService initialized successfully
2026-09-02 16:27:24,359 - INFO - create.py - 232 - Create idea button clicked.
2026-09-02 16:27:24,360 - INFO - create.py - 253 - Payload built successfully, submitting to controller.
2026-09-02 16:27:24,360 - INFO - create.py - 196 - Submitting payload to controller | use_ai:{'title': False, 'methodology': {'what': False, 'why': False, 'where': False, 'when': False, 'who': False, 'how': False, 'how_much': False}} | show_report:False
2026-09-02 16:27:24,361 - INFO - create_idea_controller.py - 26 - Create idea request received
2026-09-02 16:27:24,361 - INFO - idea_service.py - 43 - Starting idea creation
2026-09-02 16:27:24,362 - DEBUG - idea_service.py - 46 - Validating idea payload
2026-09-02 16:27:24,362 - DEBUG - idea_service.py - 52 - Payload validated successfully
2026-09-02 16:27:24,362 - DEBUG - idea_service.py - 56 - Persisting idea
2026-09-02 16:27:24,492 - INFO - idea_service.py - 60 - Idea created successfully
2026-09-02 16:27:24,493 - DEBUG - idea_service.py - 98 - Checking if AI features should be used
2026-09-02 16:27:24,493 - INFO - create_idea_controller.py - 30 - Create idea request completed successfully
2026-09-02 16:27:24,494 - INFO - create.py - 205 - Payload submitted successfully
2026-09-02 18:53:53,613 - INFO - create.py - 232 - Create idea button clicked.
2026-09-02 18:53:53,613 - INFO - create.py - 253 - Payload built successfully.
2026-09-02 18:53:53,614 - INFO - create.py - 196 - Submitting payload to controller | use_ai:{'title': False, 'methodology': {'what': False, 'why': False, 'where': False, 'when': False, 'who': False, 'how': False, 'how_much': False}} | show_report:False
2026-09-02 18:53:53,614 - INFO - create_idea_controller.py - 26 - Create idea request received
2026-09-02 18:53:53,614 - INFO - idea_service.py - 43 - Starting idea creation
2026-09-02 18:53:53,615 - DEBUG - idea_service.py - 46 - Validating idea payload
2026-09-02 18:53:53,615 - DEBUG - idea_service.py - 52 - Payload validated successfully
2026-09-02 18:53:53,615 - DEBUG - idea_service.py - 56 - Persisting idea
2026-09-02 18:53:53,655 - INFO - idea_service.py - 60 - Idea created successfully
2026-09-02 18:53:53,655 - DEBUG - idea_service.py - 98 - Checking if AI features should be used
2026-09-02 18:53:53,656 - INFO - create_idea_controller.py - 30 - Create idea request completed successfully
2026-09-02 18:53:53,656 - INFO - create.py - 205 - Payload submitted successfully
2026-09-02 18:55:38,145 - INFO - create.py - 232 - Create idea button clicked.
2026-09-02 18:55:38,145 - INFO - create.py - 253 - Payload built successfully.
2026-09-02 18:55:38,146 - INFO - create.py - 196 - Submitting payload to controller | use_ai:{'title': False, 'methodology': {'what': False, 'why': False, 'where': False, 'when': False, 'who': False, 'how': False, 'how_much': False}} | show_report:False
2026-09-02 18:55:38,146 - INFO - create_idea_controller.py - 26 - Create idea request received
2026-09-02 18:55:38,146 - INFO - idea_service.py - 43 - Starting idea creation
2026-09-02 18:55:38,146 - DEBUG - idea_service.py - 46 - Validating idea payload
2026-09-02 18:55:38,146 - DEBUG - idea_service.py - 52 - Payload validated successfully
2026-09-02 18:55:38,146 - DEBUG - idea_service.py - 56 - Persisting idea
2026-09-02 18:55:38,165 - INFO - idea_service.py - 60 - Idea created successfully
2026-09-02 18:55:38,165 - DEBUG - idea_service.py - 98 - Checking if AI features should be used
2026-09-02 18:55:38,165 - INFO - create_idea_controller.py - 30 - Create idea request completed successfully
2026-09-02 18:55:38,166 - INFO - create.py - 205 - Payload submitted successfully
2026-09-02 18:57:28,590 - INFO - create.py - 232 - Create idea button clicked.
2026-09-02 18:57:28,590 - INFO - create.py - 253 - Payload built successfully.
2026-09-02 18:57:28,590 - INFO - create.py - 196 - Submitting payload to controller | use_ai:{'title': False, 'methodology': {'what': False, 'why': False, 'where': False, 'when': False, 'who': False, 'how': False, 'how_much': False}} | show_report:False
2026-09-02 18:57:28,591 - INFO - create_idea_controller.py - 26 - Create idea request received
2026-09-02 18:57:28,591 - INFO - idea_service.py - 43 - Starting idea creation
2026-09-02 18:57:28,591 - DEBUG - idea_service.py - 46 - Validating idea payload
2026-09-02 18:57:28,591 - DEBUG - idea_service.py - 52 - Payload validated successfully
2026-09-02 18:57:28,591 - DEBUG - idea_service.py - 56 - Persisting idea
2026-09-02 18:57:28,606 - INFO - idea_service.py - 60 - Idea created successfully
2026-09-02 18:57:28,606 - DEBUG - idea_service.py - 98 - Checking if AI features should be used
2026-09-02 18:57:28,606 - INFO - create_idea_controller.py - 30 - Create idea request completed successfully
2026-09-02 18:57:28,607 - INFO - create.py - 205 - Payload submitted successfully
2026-09-02 19:38:52,117 - DEBUG - idea_service.py - 22 - Initializing IdeaService
2026-09-02 19:38:52,118 - DEBUG - ai_service.py - 31 - Initializing AIService
2026-09-02 19:38:52,118 - DEBUG - ai_service.py - 148 - Creating Google GenAI client
2026-09-02 19:38:52,118 - DEBUG - ai_service.py - 163 - Fetching Gemini API key
2026-09-02 19:38:57,142 - INFO - create.py - 232 - Create idea button clicked.
2026-09-02 19:38:57,144 - INFO - create.py - 253 - Payload built successfully.
2026-09-02 19:38:57,144 - INFO - create.py - 196 - Submitting payload to controller | use_ai:{'title': False, 'methodology': {'what': False, 'why': False, 'where': False, 'when': False, 'who': False, 'how': False, 'how_much': False}} | show_report:True
2026-09-02 19:38:57,145 - INFO - create_idea_controller.py - 26 - Create idea request received
2026-09-02 19:38:57,145 - INFO - idea_service.py - 41 - Starting idea creation
2026-09-02 19:38:57,146 - DEBUG - idea_service.py - 44 - Validating idea payload
2026-09-02 19:38:57,146 - DEBUG - idea_service.py - 50 - Payload validated successfully
2026-09-02 19:38:57,146 - DEBUG - idea_service.py - 54 - Persisting idea
2026-09-02 19:38:57,171 - INFO - idea_service.py - 58 - Idea persisted successfully | idea_id: 36
2026-09-02 19:38:57,172 - DEBUG - idea_service.py - 99 - Checking if AI features should be used
2026-09-02 19:38:57,172 - INFO - idea_service.py - 82 - Idea creation completed successfully | idea_id: 36
2026-09-02 19:38:57,172 - INFO - create_idea_controller.py - 30 - Create idea request completed successfully
2026-09-02 19:38:57,173 - INFO - create.py - 205 - Payload submitted successfully
2026-09-02 19:50:48,975 - DEBUG - idea_service.py - 22 - Initializing IdeaService
2026-09-02 19:50:48,975 - DEBUG - ai_service.py - 31 - Initializing AIService
2026-09-02 19:50:48,975 - DEBUG - ai_service.py - 148 - Creating Google GenAI client
2026-09-02 19:50:48,975 - DEBUG - ai_service.py - 163 - Fetching Gemini API key
2026-09-02 19:50:50,222 - DEBUG - idea_service.py - 22 - Initializing IdeaService
2026-09-02 19:50:50,222 - DEBUG - ai_service.py - 31 - Initializing AIService
2026-09-02 19:50:50,222 - DEBUG - ai_service.py - 148 - Creating Google GenAI client
2026-09-02 19:50:50,222 - DEBUG - ai_service.py - 163 - Fetching Gemini API key
2026-09-02 19:51:22,402 - INFO - create.py - 232 - Create idea button clicked.
2026-09-02 19:51:22,402 - INFO - create.py - 253 - Payload built successfully.
2026-09-02 19:51:22,403 - INFO - create.py - 196 - Submitting payload to controller | use_ai:{'title': False, 'methodology': {'what': False, 'why': False, 'where': False, 'when': False, 'who': False, 'how': False, 'how_much': False}} | show_report:False
2026-09-02 19:51:22,404 - INFO - create_idea_controller.py - 26 - Create idea request received
2026-09-02 19:51:22,404 - INFO - idea_service.py - 41 - Starting idea creation
2026-09-02 19:51:22,404 - DEBUG - idea_service.py - 44 - Validating idea payload
2026-09-02 19:51:22,405 - DEBUG - idea_service.py - 50 - Payload validated successfully
2026-09-02 19:51:22,405 - DEBUG - idea_service.py - 54 - Persisting idea
2026-09-02 19:51:22,452 - INFO - idea_service.py - 58 - Idea persisted successfully | idea_id: 37
2026-09-02 19:51:22,453 - DEBUG - idea_service.py - 99 - Checking if AI features should be used
2026-09-02 19:51:22,453 - INFO - idea_service.py - 82 - Idea creation completed successfully | idea_id: 37
2026-09-02 19:51:22,454 - INFO - create_idea_controller.py - 30 - Create idea request completed successfully
2026-09-02 19:51:22,455 - INFO - create.py - 205 - Payload submitted successfully
2026-09-02 21:45:17,042 - DEBUG - idea_service.py - 22 - Initializing IdeaService
2026-09-02 21:45:17,043 - DEBUG - ai_service.py - 31 - Initializing AIService
2026-09-02 21:45:17,043 - DEBUG - ai_service.py - 148 - Creating Google GenAI client
2026-09-02 21:45:17,043 - DEBUG - ai_service.py - 163 - Fetching Gemini API key
2026-09-02 21:45:22,059 - DEBUG - idea_service.py - 22 - Initializing IdeaService
2026-09-02 21:45:22,060 - DEBUG - ai_service.py - 31 - Initializing AIService
2026-09-02 21:45:22,060 - DEBUG - ai_service.py - 148 - Creating Google GenAI client
2026-09-02 21:45:22,060 - DEBUG - ai_service.py - 163 - Fetching Gemini API key
2026-09-02 21:45:28,108 - INFO - create.py - 232 - Create idea button clicked.
2026-09-02 21:45:28,109 - WARNING - create.py - 239 - Form submission rejected: Title field is empty.
2026-09-02 21:45:31,979 - INFO - create.py - 232 - Create idea button clicked.
2026-09-02 21:45:31,980 - WARNING - create.py - 239 - Form submission rejected: Title field is empty.
2026-09-02 21:45:32,789 - INFO - create.py - 232 - Create idea button clicked.
2026-09-02 21:45:32,790 - WARNING - create.py - 239 - Form submission rejected: Title field is empty.
2026-09-02 21:45:37,122 - INFO - create.py - 232 - Create idea button clicked.
2026-09-02 21:45:37,122 - WARNING - create.py - 239 - Form submission rejected: Title field is empty.
2026-09-02 22:46:32,317 - DEBUG - idea_service.py - 23 - Initializing IdeaService
2026-09-02 22:46:32,318 - DEBUG - ai_service.py - 31 - Initializing AIService
2026-09-02 22:46:32,318 - DEBUG - ai_service.py - 148 - Creating Google GenAI client
2026-09-02 22:46:32,319 - DEBUG - ai_service.py - 163 - Fetching Gemini API key
2026-09-02 22:46:49,670 - DEBUG - idea_service.py - 23 - Initializing IdeaService
2026-09-02 22:46:49,670 - DEBUG - ai_service.py - 31 - Initializing AIService
2026-09-02 22:46:49,670 - DEBUG - ai_service.py - 148 - Creating Google GenAI client
2026-09-02 22:46:49,670 - DEBUG - ai_service.py - 163 - Fetching Gemini API key
2026-09-02 22:46:49,891 - DEBUG - idea_service.py - 23 - Initializing IdeaService
2026-09-02 22:46:49,892 - DEBUG - ai_service.py - 31 - Initializing AIService
2026-09-02 22:46:49,892 - DEBUG - ai_service.py - 148 - Creating Google GenAI client
2026-09-02 22:46:49,892 - DEBUG - ai_service.py - 163 - Fetching Gemini API key
2026-09-02 22:47:15,902 - DEBUG - idea_service.py - 23 - Initializing IdeaService
2026-09-02 22:47:15,902 - DEBUG - ai_service.py - 31 - Initializing AIService
2026-09-02 22:47:15,902 - DEBUG - ai_service.py - 148 - Creating Google GenAI client
2026-09-02 22:47:15,902 - DEBUG - ai_service.py - 163 - Fetching Gemini API key
2026-09-02 22:47:16,013 - DEBUG - idea_service.py - 23 - Initializing IdeaService
2026-09-02 22:47:16,013 - DEBUG - ai_service.py - 31 - Initializing AIService
2026-09-02 22:47:16,013 - DEBUG - ai_service.py - 148 - Creating Google GenAI client
2026-09-02 22:47:16,013 - DEBUG - ai_service.py - 163 - Fetching Gemini API key
2026-09-02 22:47:18,917 - DEBUG - idea_service.py - 23 - Initializing IdeaService
2026-09-02 22:47:18,918 - DEBUG - ai_service.py - 31 - Initializing AIService
2026-09-02 22:47:18,918 - DEBUG - ai_service.py - 148 - Creating Google GenAI client
2026-09-02 22:47:18,918 - DEBUG - ai_service.py - 163 - Fetching Gemini API key
2026-09-02 22:47:19,038 - DEBUG - idea_service.py - 23 - Initializing IdeaService
2026-09-02 22:47:19,038 - DEBUG - ai_service.py - 31 - Initializing AIService
2026-09-02 22:47:19,038 - DEBUG - ai_service.py - 148 - Creating Google GenAI client
2026-09-02 22:47:19,038 - DEBUG - ai_service.py - 163 - Fetching Gemini API key
2026-09-02 22:47:22,415 - DEBUG - idea_service.py - 23 - Initializing IdeaService
2026-09-02 22:47:22,415 - DEBUG - ai_service.py - 31 - Initializing AIService
2026-09-02 22:47:22,415 - DEBUG - ai_service.py - 148 - Creating Google GenAI client
2026-09-02 22:47:22,415 - DEBUG - ai_service.py - 163 - Fetching Gemini API key
2026-09-02 22:47:22,540 - DEBUG - idea_service.py - 23 - Initializing IdeaService
2026-09-02 22:47:22,540 - DEBUG - ai_service.py - 31 - Initializing AIService
2026-09-02 22:47:22,540 - DEBUG - ai_service.py - 148 - Creating Google GenAI client
2026-09-02 22:47:22,540 - DEBUG - ai_service.py - 163 - Fetching Gemini API key
2026-09-02 22:47:25,865 - DEBUG - idea_service.py - 23 - Initializing IdeaService
2026-09-02 22:47:25,865 - DEBUG - ai_service.py - 31 - Initializing AIService
2026-09-02 22:47:25,865 - DEBUG - ai_service.py - 148 - Creating Google GenAI client
2026-09-02 22:47:25,865 - DEBUG - ai_service.py - 163 - Fetching Gemini API key
2026-09-02 22:47:26,023 - DEBUG - idea_service.py - 23 - Initializing IdeaService
2026-09-02 22:47:26,023 - DEBUG - ai_service.py - 31 - Initializing AIService
2026-09-02 22:47:26,023 - DEBUG - ai_service.py - 148 - Creating Google GenAI client
2026-09-02 22:47:26,023 - DEBUG - ai_service.py - 163 - Fetching Gemini API key
2026-09-02 22:47:28,124 - DEBUG - idea_service.py - 23 - Initializing IdeaService
2026-09-02 22:47:28,124 - DEBUG - ai_service.py - 31 - Initializing AIService
2026-09-02 22:47:28,124 - DEBUG - ai_service.py - 148 - Creating Google GenAI client
2026-09-02 22:47:28,124 - DEBUG - ai_service.py - 163 - Fetching Gemini API key
2026-09-02 22:47:28,243 - DEBUG - idea_service.py - 23 - Initializing IdeaService
2026-09-02 22:47:28,243 - DEBUG - ai_service.py - 31 - Initializing AIService
2026-09-02 22:47:28,243 - DEBUG - ai_service.py - 148 - Creating Google GenAI client
2026-09-02 22:47:28,243 - DEBUG - ai_service.py - 163 - Fetching Gemini API key
2026-09-02 22:47:30,451 - DEBUG - idea_service.py - 23 - Initializing IdeaService
2026-09-02 22:47:30,451 - DEBUG - ai_service.py - 31 - Initializing AIService
2026-09-02 22:47:30,451 - DEBUG - ai_service.py - 148 - Creating Google GenAI client
2026-09-02 22:47:30,451 - DEBUG - ai_service.py - 163 - Fetching Gemini API key
2026-09-02 22:47:30,564 - DEBUG - idea_service.py - 23 - Initializing IdeaService
2026-09-02 22:47:30,564 - DEBUG - ai_service.py - 31 - Initializing AIService
2026-09-02 22:47:30,565 - DEBUG - ai_service.py - 148 - Creating Google GenAI client
2026-09-02 22:47:30,565 - DEBUG - ai_service.py - 163 - Fetching Gemini API key
2026-09-02 22:47:32,559 - DEBUG - idea_service.py - 23 - Initializing IdeaService
2026-09-02 22:47:32,559 - DEBUG - ai_service.py - 31 - Initializing AIService
2026-09-02 22:47:32,560 - DEBUG - ai_service.py - 148 - Creating Google GenAI client
2026-09-02 22:47:32,560 - DEBUG - ai_service.py - 163 - Fetching Gemini API key
2026-09-02 22:47:32,684 - DEBUG - idea_service.py - 23 - Initializing IdeaService
2026-09-02 22:47:32,684 - DEBUG - ai_service.py - 31 - Initializing AIService
2026-09-02 22:47:32,684 - DEBUG - ai_service.py - 148 - Creating Google GenAI client
2026-09-02 22:47:32,684 - DEBUG - ai_service.py - 163 - Fetching Gemini API key
2026-09-02 22:48:36,898 - DEBUG - idea_service.py - 23 - Initializing IdeaService
2026-09-02 22:48:36,898 - DEBUG - ai_service.py - 31 - Initializing AIService
2026-09-02 22:48:36,898 - DEBUG - ai_service.py - 148 - Creating Google GenAI client
2026-09-02 22:48:36,899 - DEBUG - ai_service.py - 163 - Fetching Gemini API key
2026-09-02 22:48:37,046 - DEBUG - idea_service.py - 23 - Initializing IdeaService
2026-09-02 22:48:37,046 - DEBUG - ai_service.py - 31 - Initializing AIService
2026-09-02 22:48:37,046 - DEBUG - ai_service.py - 148 - Creating Google GenAI client
2026-09-02 22:48:37,046 - DEBUG - ai_service.py - 163 - Fetching Gemini API key
2026-09-02 22:48:40,914 - DEBUG - idea_service.py - 23 - Initializing IdeaService
2026-09-02 22:48:40,914 - DEBUG - ai_service.py - 31 - Initializing AIService
2026-09-02 22:48:40,915 - DEBUG - ai_service.py - 148 - Creating Google GenAI client
2026-09-02 22:48:40,915 - DEBUG - ai_service.py - 163 - Fetching Gemini API key
2026-09-02 22:48:41,034 - DEBUG - idea_service.py - 23 - Initializing IdeaService
2026-09-02 22:48:41,035 - DEBUG - ai_service.py - 31 - Initializing AIService
2026-09-02 22:48:41,035 - DEBUG - ai_service.py - 148 - Creating Google GenAI client
2026-09-02 22:48:41,035 - DEBUG - ai_service.py - 163 - Fetching Gemini API key
2026-09-02 22:48:44,161 - DEBUG - idea_service.py - 23 - Initializing IdeaService
2026-09-02 22:48:44,161 - DEBUG - ai_service.py - 31 - Initializing AIService
2026-09-02 22:48:44,161 - DEBUG - ai_service.py - 148 - Creating Google GenAI client
2026-09-02 22:48:44,161 - DEBUG - ai_service.py - 163 - Fetching Gemini API key
2026-09-02 22:48:44,278 - DEBUG - idea_service.py - 23 - Initializing IdeaService
2026-09-02 22:48:44,278 - DEBUG - ai_service.py - 31 - Initializing AIService
2026-09-02 22:48:44,278 - DEBUG - ai_service.py - 148 - Creating Google GenAI client
2026-09-02 22:48:44,278 - DEBUG - ai_service.py - 163 - Fetching Gemini API key
2026-09-02 22:48:46,849 - DEBUG - idea_service.py - 23 - Initializing IdeaService
2026-09-02 22:48:46,849 - DEBUG - ai_service.py - 31 - Initializing AIService
2026-09-02 22:48:46,850 - DEBUG - ai_service.py - 148 - Creating Google GenAI client
2026-09-02 22:48:46,850 - DEBUG - ai_service.py - 163 - Fetching Gemini API key
2026-09-02 22:48:46,965 - DEBUG - idea_service.py - 23 - Initializing IdeaService
2026-09-02 22:48:46,965 - DEBUG - ai_service.py - 31 - Initializing AIService
2026-09-02 22:48:46,965 - DEBUG - ai_service.py - 148 - Creating Google GenAI client
2026-09-02 22:48:46,965 - DEBUG - ai_service.py - 163 - Fetching Gemini API key
2026-09-02 22:48:53,050 - DEBUG - idea_service.py - 23 - Initializing IdeaService
2026-09-02 22:48:53,051 - DEBUG - ai_service.py - 31 - Initializing AIService
2026-09-02 22:48:53,051 - DEBUG - ai_service.py - 148 - Creating Google GenAI client
2026-09-02 22:48:53,051 - DEBUG - ai_service.py - 163 - Fetching Gemini API key
2026-09-02 22:48:53,160 - DEBUG - idea_service.py - 23 - Initializing IdeaService
2026-09-02 22:48:53,160 - DEBUG - ai_service.py - 31 - Initializing AIService
2026-09-02 22:48:53,160 - DEBUG - ai_service.py - 148 - Creating Google GenAI client
2026-09-02 22:48:53,160 - DEBUG - ai_service.py - 163 - Fetching Gemini API key
2026-09-02 22:48:55,225 - DEBUG - idea_service.py - 23 - Initializing IdeaService
2026-09-02 22:48:55,225 - DEBUG - ai_service.py - 31 - Initializing AIService
2026-09-02 22:48:55,225 - DEBUG - ai_service.py - 148 - Creating Google GenAI client
2026-09-02 22:48:55,226 - DEBUG - ai_service.py - 163 - Fetching Gemini API key
2026-09-02 22:48:55,359 - DEBUG - idea_service.py - 23 - Initializing IdeaService
2026-09-02 22:48:55,359 - DEBUG - ai_service.py - 31 - Initializing AIService
2026-09-02 22:48:55,359 - DEBUG - ai_service.py - 148 - Creating Google GenAI client
2026-09-02 22:48:55,359 - DEBUG - ai_service.py - 163 - Fetching Gemini API key
2026-09-02 22:49:00,113 - DEBUG - idea_service.py - 23 - Initializing IdeaService
2026-09-02 22:49:00,114 - DEBUG - ai_service.py - 31 - Initializing AIService
2026-09-02 22:49:00,114 - DEBUG - ai_service.py - 148 - Creating Google GenAI client
2026-09-02 22:49:00,114 - DEBUG - ai_service.py - 163 - Fetching Gemini API key
2026-09-02 22:49:00,241 - DEBUG - idea_service.py - 23 - Initializing IdeaService
2026-09-02 22:49:00,241 - DEBUG - ai_service.py - 31 - Initializing AIService
2026-09-02 22:49:00,241 - DEBUG - ai_service.py - 148 - Creating Google GenAI client
2026-09-02 22:49:00,242 - DEBUG - ai_service.py - 163 - Fetching Gemini API key
2026-09-02 22:49:03,711 - DEBUG - idea_service.py - 23 - Initializing IdeaService
2026-09-02 22:49:03,711 - DEBUG - ai_service.py - 31 - Initializing AIService
2026-09-02 22:49:03,711 - DEBUG - ai_service.py - 148 - Creating Google GenAI client
2026-09-02 22:49:03,711 - DEBUG - ai_service.py - 163 - Fetching Gemini API key
2026-09-02 22:49:03,862 - DEBUG - idea_service.py - 23 - Initializing IdeaService
2026-09-02 22:49:03,862 - DEBUG - ai_service.py - 31 - Initializing AIService
2026-09-02 22:49:03,862 - DEBUG - ai_service.py - 148 - Creating Google GenAI client
2026-09-02 22:49:03,862 - DEBUG - ai_service.py - 163 - Fetching Gemini API key
2026-09-02 22:49:10,227 - DEBUG - idea_service.py - 23 - Initializing IdeaService
2026-09-02 22:49:10,227 - DEBUG - ai_service.py - 31 - Initializing AIService
2026-09-02 22:49:10,227 - DEBUG - ai_service.py - 148 - Creating Google GenAI client
2026-09-02 22:49:10,227 - DEBUG - ai_service.py - 163 - Fetching Gemini API key
2026-09-02 22:49:10,404 - DEBUG - idea_service.py - 23 - Initializing IdeaService
2026-09-02 22:49:10,404 - DEBUG - ai_service.py - 31 - Initializing AIService
2026-09-02 22:49:10,404 - DEBUG - ai_service.py - 148 - Creating Google GenAI client
2026-09-02 22:49:10,404 - DEBUG - ai_service.py - 163 - Fetching Gemini API key
2026-09-02 22:49:17,266 - DEBUG - idea_service.py - 23 - Initializing IdeaService
2026-09-02 22:49:17,266 - DEBUG - ai_service.py - 31 - Initializing AIService
2026-09-02 22:49:17,266 - DEBUG - ai_service.py - 148 - Creating Google GenAI client
2026-09-02 22:49:17,266 - DEBUG - ai_service.py - 163 - Fetching Gemini API key
2026-09-02 22:49:17,421 - DEBUG - idea_service.py - 23 - Initializing IdeaService
2026-09-02 22:49:17,422 - DEBUG - ai_service.py - 31 - Initializing AIService
2026-09-02 22:49:17,422 - DEBUG - ai_service.py - 148 - Creating Google GenAI client
2026-09-02 22:49:17,422 - DEBUG - ai_service.py - 163 - Fetching Gemini API key
2026-09-02 22:49:17,578 - DEBUG - idea_service.py - 23 - Initializing IdeaService
2026-09-02 22:49:17,579 - DEBUG - ai_service.py - 31 - Initializing AIService
2026-09-02 22:49:17,579 - DEBUG - ai_service.py - 148 - Creating Google GenAI client
2026-09-02 22:49:17,579 - DEBUG - ai_service.py - 163 - Fetching Gemini API key
2026-09-02 22:49:17,730 - DEBUG - idea_service.py - 23 - Initializing IdeaService
2026-09-02 22:49:17,730 - DEBUG - ai_service.py - 31 - Initializing AIService
2026-09-02 22:49:17,731 - DEBUG - ai_service.py - 148 - Creating Google GenAI client
2026-09-02 22:49:17,731 - DEBUG - ai_service.py - 163 - Fetching Gemini API key
2026-09-02 22:54:51,422 - DEBUG - idea_service.py - 23 - Initializing IdeaService
2026-09-02 22:54:51,422 - DEBUG - ai_service.py - 31 - Initializing AIService
2026-09-02 22:54:51,422 - DEBUG - ai_service.py - 148 - Creating Google GenAI client
2026-09-02 22:54:51,422 - DEBUG - ai_service.py - 163 - Fetching Gemini API key
2026-09-02 22:54:53,436 - DEBUG - idea_service.py - 23 - Initializing IdeaService
2026-09-02 22:54:53,437 - DEBUG - ai_service.py - 31 - Initializing AIService
2026-09-02 22:54:53,440 - DEBUG - ai_service.py - 148 - Creating Google GenAI client
2026-09-02 22:54:53,440 - DEBUG - ai_service.py - 163 - Fetching Gemini API key
2026-09-02 22:54:53,725 - DEBUG - idea_service.py - 23 - Initializing IdeaService
2026-09-02 22:54:53,725 - DEBUG - ai_service.py - 31 - Initializing AIService
2026-09-02 22:54:53,725 - DEBUG - ai_service.py - 148 - Creating Google GenAI client
2026-09-02 22:54:53,726 - DEBUG - ai_service.py - 163 - Fetching Gemini API key
2026-09-02 22:54:53,951 - DEBUG - idea_service.py - 23 - Initializing IdeaService
2026-09-02 22:54:53,951 - DEBUG - ai_service.py - 31 - Initializing AIService
2026-09-02 22:54:53,951 - DEBUG - ai_service.py - 148 - Creating Google GenAI client
2026-09-02 22:54:53,951 - DEBUG - ai_service.py - 163 - Fetching Gemini API key
2026-09-02 22:56:40,857 - DEBUG - idea_service.py - 23 - Initializing IdeaService
2026-09-02 22:56:40,857 - DEBUG - ai_service.py - 31 - Initializing AIService
2026-09-02 22:56:40,857 - DEBUG - ai_service.py - 148 - Creating Google GenAI client
2026-09-02 22:56:40,857 - DEBUG - ai_service.py - 163 - Fetching Gemini API key
2026-09-02 22:57:01,969 - DEBUG - idea_service.py - 23 - Initializing IdeaService
2026-09-02 22:57:01,969 - DEBUG - ai_service.py - 31 - Initializing AIService
2026-09-02 22:57:01,969 - DEBUG - ai_service.py - 148 - Creating Google GenAI client
2026-09-02 22:57:01,970 - DEBUG - ai_service.py - 163 - Fetching Gemini API key
2026-09-02 22:57:14,985 - DEBUG - idea_service.py - 23 - Initializing IdeaService
2026-09-02 22:57:14,986 - DEBUG - ai_service.py - 31 - Initializing AIService
2026-09-02 22:57:14,986 - DEBUG - ai_service.py - 148 - Creating Google GenAI client
2026-09-02 22:57:14,986 - DEBUG - ai_service.py - 163 - Fetching Gemini API key
2026-09-02 22:57:26,689 - DEBUG - idea_service.py - 23 - Initializing IdeaService
2026-09-02 22:57:26,690 - DEBUG - ai_service.py - 31 - Initializing AIService
2026-09-02 22:57:26,690 - DEBUG - ai_service.py - 148 - Creating Google GenAI client
2026-09-02 22:57:26,690 - DEBUG - ai_service.py - 163 - Fetching Gemini API key
2026-09-02 22:57:28,161 - DEBUG - idea_service.py - 23 - Initializing IdeaService
2026-09-02 22:57:28,161 - DEBUG - ai_service.py - 31 - Initializing AIService
2026-09-02 22:57:28,161 - DEBUG - ai_service.py - 148 - Creating Google GenAI client
2026-09-02 22:57:28,161 - DEBUG - ai_service.py - 163 - Fetching Gemini API key
2026-09-02 22:57:31,892 - DEBUG - idea_service.py - 23 - Initializing IdeaService
2026-09-02 22:57:31,892 - DEBUG - ai_service.py - 31 - Initializing AIService
2026-09-02 22:57:31,892 - DEBUG - ai_service.py - 148 - Creating Google GenAI client
2026-09-02 22:57:31,892 - DEBUG - ai_service.py - 163 - Fetching Gemini API key
2026-09-02 22:57:34,148 - DEBUG - idea_service.py - 23 - Initializing IdeaService
2026-09-02 22:57:34,149 - DEBUG - ai_service.py - 31 - Initializing AIService
2026-09-02 22:57:34,149 - DEBUG - ai_service.py - 148 - Creating Google GenAI client
2026-09-02 22:57:34,149 - DEBUG - ai_service.py - 163 - Fetching Gemini API key
2026-09-02 22:58:19,235 - DEBUG - idea_service.py - 23 - Initializing IdeaService
2026-09-02 22:58:19,235 - DEBUG - ai_service.py - 31 - Initializing AIService
2026-09-02 22:58:19,235 - DEBUG - ai_service.py - 148 - Creating Google GenAI client
2026-09-02 22:58:19,235 - DEBUG - ai_service.py - 163 - Fetching Gemini API key
2026-09-02 22:58:21,471 - DEBUG - idea_service.py - 23 - Initializing IdeaService
2026-09-02 22:58:21,471 - DEBUG - ai_service.py - 31 - Initializing AIService
2026-09-02 22:58:21,471 - DEBUG - ai_service.py - 148 - Creating Google GenAI client
2026-09-02 22:58:21,471 - DEBUG - ai_service.py - 163 - Fetching Gemini API key
2026-09-02 22:58:23,084 - DEBUG - idea_service.py - 23 - Initializing IdeaService
2026-09-02 22:58:23,084 - DEBUG - ai_service.py - 31 - Initializing AIService
2026-09-02 22:58:23,084 - DEBUG - ai_service.py - 148 - Creating Google GenAI client
2026-09-02 22:58:23,084 - DEBUG - ai_service.py - 163 - Fetching Gemini API key
2026-09-02 22:59:32,041 - INFO - create.py - 234 - Create idea button clicked.
2026-09-02 22:59:32,044 - WARNING - create.py - 241 - Form submission rejected: Title field is empty.
2026-09-02 23:00:16,413 - DEBUG - idea_service.py - 23 - Initializing IdeaService
2026-09-02 23:00:16,414 - DEBUG - ai_service.py - 31 - Initializing AIService
2026-09-02 23:00:16,414 - DEBUG - ai_service.py - 148 - Creating Google GenAI client
2026-09-02 23:00:16,414 - DEBUG - ai_service.py - 163 - Fetching Gemini API key
2026-09-02 23:02:36,147 - DEBUG - idea_service.py - 23 - Initializing IdeaService
2026-09-02 23:02:36,148 - DEBUG - ai_service.py - 31 - Initializing AIService
2026-09-02 23:02:36,148 - DEBUG - ai_service.py - 148 - Creating Google GenAI client
2026-09-02 23:02:36,148 - DEBUG - ai_service.py - 163 - Fetching Gemini API key
2026-09-02 23:02:57,300 - INFO - create.py - 234 - Create idea button clicked.
2026-09-02 23:02:57,301 - INFO - create.py - 253 - Payload built successfully.
2026-09-02 23:02:57,302 - INFO - create.py - 198 - Submitting payload to controller | use_ai:{'title': True, 'methodology': {'what': False, 'why': False, 'where': False, 'when': False, 'who': False, 'how': False, 'how_much': False}} | show_report:False
2026-09-02 23:02:57,303 - INFO - create_idea_controller.py - 26 - Create idea request received
2026-09-02 23:02:57,304 - INFO - idea_service.py - 42 - Starting idea creation
2026-09-02 23:02:57,304 - DEBUG - idea_service.py - 45 - Validating idea payload
2026-09-02 23:02:57,304 - ERROR - create.py - 215 - Failed to submit idea
Traceback (most recent call last):
  File "C:\Users\ester\OneDrive\Documentos\Code\olivia-ideas\frontend\pages\create.py", line 204, in submit
    response = (create_idea_controller.create_idea(payload))
  File "C:\Users\ester\OneDrive\Documentos\Code\olivia-ideas\backend\controllers\create_idea_controller.py", line 28, in create_idea
    result = self.idea_service.create_idea(payload)
  File "C:\Users\ester\OneDrive\Documentos\Code\olivia-ideas\backend\services\idea_service.py", line 47, in create_idea
    payload = self.validation_service.validate_payload(payload)
  File "C:\Users\ester\OneDrive\Documentos\Code\olivia-ideas\backend\services\validation_service.py", line 45, in validate_payload
    self._validate_idea(payload["idea"])
    ~~~~~~~~~~~~~~~~~~~^^^^^^^^^^^^^^^^^
  File "C:\Users\ester\OneDrive\Documentos\Code\olivia-ideas\backend\services\validation_service.py", line 62, in _validate_idea
    self._validate_title(idea["title"])
    ~~~~~~~~~~~~~~~~~~~~^^^^^^^^^^^^^^^
  File "C:\Users\ester\OneDrive\Documentos\Code\olivia-ideas\backend\services\validation_service.py", line 109, in _validate_title
    raise ValidationError("Title can't be empty.")
backend.services.validation_service.ValidationError: Title can't be empty.
2026-09-02 23:04:27,855 - DEBUG - idea_service.py - 23 - Initializing IdeaService
2026-09-02 23:04:27,856 - DEBUG - ai_service.py - 31 - Initializing AIService
2026-09-02 23:04:27,856 - DEBUG - ai_service.py - 148 - Creating Google GenAI client
2026-09-02 23:04:27,856 - DEBUG - ai_service.py - 163 - Fetching Gemini API key
2026-09-02 23:04:28,010 - DEBUG - idea_service.py - 23 - Initializing IdeaService
2026-09-02 23:04:28,010 - DEBUG - ai_service.py - 31 - Initializing AIService
2026-09-02 23:04:28,010 - DEBUG - ai_service.py - 148 - Creating Google GenAI client
2026-09-02 23:04:28,011 - DEBUG - ai_service.py - 163 - Fetching Gemini API key
2026-09-02 23:04:40,735 - DEBUG - idea_service.py - 23 - Initializing IdeaService
2026-09-02 23:04:40,736 - DEBUG - ai_service.py - 31 - Initializing AIService
2026-09-02 23:04:40,736 - DEBUG - ai_service.py - 148 - Creating Google GenAI client
2026-09-02 23:04:40,737 - DEBUG - ai_service.py - 163 - Fetching Gemini API key
2026-09-02 23:04:40,904 - DEBUG - idea_service.py - 23 - Initializing IdeaService
2026-09-02 23:04:40,905 - DEBUG - ai_service.py - 31 - Initializing AIService
2026-09-02 23:04:40,905 - DEBUG - ai_service.py - 148 - Creating Google GenAI client
2026-09-02 23:04:40,905 - DEBUG - ai_service.py - 163 - Fetching Gemini API key
2026-09-02 23:04:54,387 - DEBUG - idea_service.py - 23 - Initializing IdeaService
2026-09-02 23:04:54,387 - DEBUG - ai_service.py - 31 - Initializing AIService
2026-09-02 23:04:54,388 - DEBUG - ai_service.py - 148 - Creating Google GenAI client
2026-09-02 23:04:54,388 - DEBUG - ai_service.py - 163 - Fetching Gemini API key
2026-09-02 23:04:54,548 - DEBUG - idea_service.py - 23 - Initializing IdeaService
2026-09-02 23:04:54,549 - DEBUG - ai_service.py - 31 - Initializing AIService
2026-09-02 23:04:54,549 - DEBUG - ai_service.py - 148 - Creating Google GenAI client
2026-09-02 23:04:54,549 - DEBUG - ai_service.py - 163 - Fetching Gemini API key
2026-09-02 23:05:39,026 - INFO - create.py - 234 - Create idea button clicked.
2026-09-02 23:05:39,027 - INFO - create.py - 253 - Payload built successfully.
2026-09-02 23:05:39,028 - INFO - create.py - 198 - Submitting payload to controller | use_ai:{'title': True, 'methodology': {'what': False, 'why': False, 'where': False, 'when': False, 'who': False, 'how': False, 'how_much': False}} | show_report:False
2026-09-02 23:05:39,029 - INFO - create_idea_controller.py - 26 - Create idea request received
2026-09-02 23:05:39,030 - INFO - idea_service.py - 42 - Starting idea creation
2026-09-02 23:05:39,030 - DEBUG - idea_service.py - 45 - Validating idea payload
2026-09-02 23:05:39,031 - ERROR - create.py - 215 - Failed to submit idea
Traceback (most recent call last):
  File "C:\Users\ester\OneDrive\Documentos\Code\olivia-ideas\frontend\pages\create.py", line 204, in submit
    response = (create_idea_controller.create_idea(payload))
  File "C:\Users\ester\OneDrive\Documentos\Code\olivia-ideas\backend\controllers\create_idea_controller.py", line 28, in create_idea
    result = self.idea_service.create_idea(payload)
  File "C:\Users\ester\OneDrive\Documentos\Code\olivia-ideas\backend\services\idea_service.py", line 54, in create_idea
    if self._should_process_fields_with_ai(options):
       ^^^^^^^^^^^^^^^^^^^^^^^^^^^^^^^^^^^
AttributeError: 'IdeaService' object has no attribute '_should_process_fields_with_ai'
2026-09-02 23:09:27,713 - DEBUG - idea_service.py - 23 - Initializing IdeaService
2026-09-02 23:09:27,714 - DEBUG - ai_service.py - 31 - Initializing AIService
2026-09-02 23:09:27,714 - DEBUG - ai_service.py - 148 - Creating Google GenAI client
2026-09-02 23:09:27,714 - DEBUG - ai_service.py - 163 - Fetching Gemini API key
2026-09-02 23:09:27,834 - DEBUG - idea_service.py - 23 - Initializing IdeaService
2026-09-02 23:09:27,834 - DEBUG - ai_service.py - 31 - Initializing AIService
2026-09-02 23:09:27,835 - DEBUG - ai_service.py - 148 - Creating Google GenAI client
2026-09-02 23:09:27,835 - DEBUG - ai_service.py - 163 - Fetching Gemini API key
2026-09-02 23:09:30,729 - DEBUG - idea_service.py - 23 - Initializing IdeaService
2026-09-02 23:09:30,729 - DEBUG - ai_service.py - 31 - Initializing AIService
2026-09-02 23:09:30,729 - DEBUG - ai_service.py - 148 - Creating Google GenAI client
2026-09-02 23:09:30,729 - DEBUG - ai_service.py - 163 - Fetching Gemini API key
2026-09-02 23:09:30,870 - DEBUG - idea_service.py - 23 - Initializing IdeaService
2026-09-02 23:09:30,870 - DEBUG - ai_service.py - 31 - Initializing AIService
2026-09-02 23:09:30,870 - DEBUG - ai_service.py - 148 - Creating Google GenAI client
2026-09-02 23:09:30,870 - DEBUG - ai_service.py - 163 - Fetching Gemini API key
2026-09-02 23:09:33,202 - DEBUG - idea_service.py - 23 - Initializing IdeaService
2026-09-02 23:09:33,202 - DEBUG - ai_service.py - 31 - Initializing AIService
2026-09-02 23:09:33,202 - DEBUG - ai_service.py - 148 - Creating Google GenAI client
2026-09-02 23:09:33,202 - DEBUG - ai_service.py - 163 - Fetching Gemini API key
2026-09-02 23:09:33,334 - DEBUG - idea_service.py - 23 - Initializing IdeaService
2026-09-02 23:09:33,334 - DEBUG - ai_service.py - 31 - Initializing AIService
2026-09-02 23:09:33,335 - DEBUG - ai_service.py - 148 - Creating Google GenAI client
2026-09-02 23:09:33,335 - DEBUG - ai_service.py - 163 - Fetching Gemini API key
2026-09-02 23:09:37,040 - DEBUG - idea_service.py - 23 - Initializing IdeaService
2026-09-02 23:09:37,041 - DEBUG - ai_service.py - 31 - Initializing AIService
2026-09-02 23:09:37,041 - DEBUG - ai_service.py - 148 - Creating Google GenAI client
2026-09-02 23:09:37,041 - DEBUG - ai_service.py - 163 - Fetching Gemini API key
2026-09-02 23:09:37,201 - DEBUG - idea_service.py - 23 - Initializing IdeaService
2026-09-02 23:09:37,202 - DEBUG - ai_service.py - 31 - Initializing AIService
2026-09-02 23:09:37,202 - DEBUG - ai_service.py - 148 - Creating Google GenAI client
2026-09-02 23:09:37,202 - DEBUG - ai_service.py - 163 - Fetching Gemini API key
2026-09-02 23:10:46,746 - DEBUG - idea_service.py - 23 - Initializing IdeaService
2026-09-02 23:10:46,747 - DEBUG - ai_service.py - 31 - Initializing AIService
2026-09-02 23:10:46,747 - DEBUG - ai_service.py - 148 - Creating Google GenAI client
2026-09-02 23:10:46,747 - DEBUG - ai_service.py - 163 - Fetching Gemini API key
2026-09-02 23:10:48,147 - DEBUG - idea_service.py - 23 - Initializing IdeaService
2026-09-02 23:10:48,147 - DEBUG - ai_service.py - 31 - Initializing AIService
2026-09-02 23:10:48,147 - DEBUG - ai_service.py - 148 - Creating Google GenAI client
2026-09-02 23:10:48,147 - DEBUG - ai_service.py - 163 - Fetching Gemini API key
2026-09-02 23:24:32,170 - DEBUG - idea_service.py - 23 - Initializing IdeaService
2026-09-02 23:24:32,171 - DEBUG - ai_service.py - 31 - Initializing AIService
2026-09-02 23:24:32,171 - DEBUG - ai_service.py - 148 - Creating Google GenAI client
2026-09-02 23:24:32,171 - DEBUG - ai_service.py - 163 - Fetching Gemini API key
2026-09-02 23:24:32,329 - DEBUG - idea_service.py - 23 - Initializing IdeaService
2026-09-02 23:24:32,330 - DEBUG - ai_service.py - 31 - Initializing AIService
2026-09-02 23:24:32,330 - DEBUG - ai_service.py - 148 - Creating Google GenAI client
2026-09-02 23:24:32,330 - DEBUG - ai_service.py - 163 - Fetching Gemini API key
2026-09-02 23:24:48,921 - DEBUG - idea_service.py - 23 - Initializing IdeaService
2026-09-02 23:24:48,922 - DEBUG - ai_service.py - 31 - Initializing AIService
2026-09-02 23:24:48,922 - DEBUG - ai_service.py - 148 - Creating Google GenAI client
2026-09-02 23:24:48,922 - DEBUG - ai_service.py - 163 - Fetching Gemini API key
2026-09-02 23:24:49,047 - DEBUG - idea_service.py - 23 - Initializing IdeaService
2026-09-02 23:24:49,047 - DEBUG - ai_service.py - 31 - Initializing AIService
2026-09-02 23:24:49,047 - DEBUG - ai_service.py - 148 - Creating Google GenAI client
2026-09-02 23:24:49,047 - DEBUG - ai_service.py - 163 - Fetching Gemini API key
2026-09-02 23:25:03,408 - DEBUG - idea_service.py - 23 - Initializing IdeaService
2026-09-02 23:25:03,409 - DEBUG - ai_service.py - 31 - Initializing AIService
2026-09-02 23:25:03,409 - DEBUG - ai_service.py - 148 - Creating Google GenAI client
2026-09-02 23:25:03,409 - DEBUG - ai_service.py - 163 - Fetching Gemini API key
2026-09-02 23:25:03,585 - DEBUG - idea_service.py - 23 - Initializing IdeaService
2026-09-02 23:25:03,586 - DEBUG - ai_service.py - 31 - Initializing AIService
2026-09-02 23:25:03,586 - DEBUG - ai_service.py - 148 - Creating Google GenAI client
2026-09-02 23:25:03,586 - DEBUG - ai_service.py - 163 - Fetching Gemini API key
2026-09-02 23:25:11,698 - DEBUG - idea_service.py - 23 - Initializing IdeaService
2026-09-02 23:25:11,698 - DEBUG - ai_service.py - 31 - Initializing AIService
2026-09-02 23:25:11,698 - DEBUG - ai_service.py - 148 - Creating Google GenAI client
2026-09-02 23:25:11,698 - DEBUG - ai_service.py - 163 - Fetching Gemini API key
2026-09-02 23:25:11,884 - DEBUG - idea_service.py - 23 - Initializing IdeaService
2026-09-02 23:25:11,884 - DEBUG - ai_service.py - 31 - Initializing AIService
2026-09-02 23:25:11,884 - DEBUG - ai_service.py - 148 - Creating Google GenAI client
2026-09-02 23:25:11,884 - DEBUG - ai_service.py - 163 - Fetching Gemini API key
2026-09-02 23:25:23,647 - DEBUG - idea_service.py - 23 - Initializing IdeaService
2026-09-02 23:25:23,648 - DEBUG - ai_service.py - 31 - Initializing AIService
2026-09-02 23:25:23,648 - DEBUG - ai_service.py - 148 - Creating Google GenAI client
2026-09-02 23:25:23,648 - DEBUG - ai_service.py - 163 - Fetching Gemini API key
2026-09-02 23:25:23,810 - DEBUG - idea_service.py - 23 - Initializing IdeaService
2026-09-02 23:25:23,810 - DEBUG - ai_service.py - 31 - Initializing AIService
2026-09-02 23:25:23,810 - DEBUG - ai_service.py - 148 - Creating Google GenAI client
2026-09-02 23:25:23,810 - DEBUG - ai_service.py - 163 - Fetching Gemini API key
2026-09-02 23:25:25,858 - DEBUG - idea_service.py - 23 - Initializing IdeaService
2026-09-02 23:25:25,858 - DEBUG - ai_service.py - 31 - Initializing AIService
2026-09-02 23:25:25,859 - DEBUG - ai_service.py - 148 - Creating Google GenAI client
2026-09-02 23:25:25,859 - DEBUG - ai_service.py - 163 - Fetching Gemini API key
2026-09-02 23:25:25,979 - DEBUG - idea_service.py - 23 - Initializing IdeaService
2026-09-02 23:25:25,979 - DEBUG - ai_service.py - 31 - Initializing AIService
2026-09-02 23:25:25,979 - DEBUG - ai_service.py - 148 - Creating Google GenAI client
2026-09-02 23:25:25,979 - DEBUG - ai_service.py - 163 - Fetching Gemini API key
2026-09-02 23:25:50,763 - DEBUG - idea_service.py - 23 - Initializing IdeaService
2026-09-02 23:25:50,764 - DEBUG - ai_service.py - 31 - Initializing AIService
2026-09-02 23:25:50,764 - DEBUG - ai_service.py - 148 - Creating Google GenAI client
2026-09-02 23:25:50,764 - DEBUG - ai_service.py - 163 - Fetching Gemini API key
2026-09-02 23:25:50,915 - DEBUG - idea_service.py - 23 - Initializing IdeaService
2026-09-02 23:25:50,916 - DEBUG - ai_service.py - 31 - Initializing AIService
2026-09-02 23:25:50,916 - DEBUG - ai_service.py - 148 - Creating Google GenAI client
2026-09-02 23:25:50,916 - DEBUG - ai_service.py - 163 - Fetching Gemini API key
2026-09-02 23:26:16,066 - DEBUG - idea_service.py - 23 - Initializing IdeaService
2026-09-02 23:26:16,066 - DEBUG - ai_service.py - 31 - Initializing AIService
2026-09-02 23:26:16,067 - DEBUG - ai_service.py - 148 - Creating Google GenAI client
2026-09-02 23:26:16,067 - DEBUG - ai_service.py - 163 - Fetching Gemini API key
2026-09-02 23:26:16,219 - DEBUG - idea_service.py - 23 - Initializing IdeaService
2026-09-02 23:26:16,219 - DEBUG - ai_service.py - 31 - Initializing AIService
2026-09-02 23:26:16,220 - DEBUG - ai_service.py - 148 - Creating Google GenAI client
2026-09-02 23:26:16,220 - DEBUG - ai_service.py - 163 - Fetching Gemini API key
2026-09-02 23:26:18,332 - DEBUG - idea_service.py - 23 - Initializing IdeaService
2026-09-02 23:26:18,333 - DEBUG - ai_service.py - 31 - Initializing AIService
2026-09-02 23:26:18,333 - DEBUG - ai_service.py - 148 - Creating Google GenAI client
2026-09-02 23:26:18,333 - DEBUG - ai_service.py - 163 - Fetching Gemini API key
2026-09-02 23:26:18,450 - DEBUG - idea_service.py - 23 - Initializing IdeaService
2026-09-02 23:26:18,450 - DEBUG - ai_service.py - 31 - Initializing AIService
2026-09-02 23:26:18,450 - DEBUG - ai_service.py - 148 - Creating Google GenAI client
2026-09-02 23:26:18,450 - DEBUG - ai_service.py - 163 - Fetching Gemini API key
2026-09-02 23:26:21,551 - DEBUG - idea_service.py - 23 - Initializing IdeaService
2026-09-02 23:26:21,551 - DEBUG - ai_service.py - 31 - Initializing AIService
2026-09-02 23:26:21,551 - DEBUG - ai_service.py - 148 - Creating Google GenAI client
2026-09-02 23:26:21,551 - DEBUG - ai_service.py - 163 - Fetching Gemini API key
2026-09-02 23:26:21,702 - DEBUG - idea_service.py - 23 - Initializing IdeaService
2026-09-02 23:26:21,702 - DEBUG - ai_service.py - 31 - Initializing AIService
2026-09-02 23:26:21,702 - DEBUG - ai_service.py - 148 - Creating Google GenAI client
2026-09-02 23:26:21,702 - DEBUG - ai_service.py - 163 - Fetching Gemini API key
2026-09-02 23:26:36,956 - DEBUG - idea_service.py - 23 - Initializing IdeaService
2026-09-02 23:26:36,956 - DEBUG - ai_service.py - 31 - Initializing AIService
2026-09-02 23:26:36,957 - DEBUG - ai_service.py - 148 - Creating Google GenAI client
2026-09-02 23:26:36,957 - DEBUG - ai_service.py - 163 - Fetching Gemini API key
2026-09-02 23:26:42,318 - DEBUG - idea_service.py - 23 - Initializing IdeaService
2026-09-02 23:26:42,319 - DEBUG - ai_service.py - 31 - Initializing AIService
2026-09-02 23:26:42,319 - DEBUG - ai_service.py - 148 - Creating Google GenAI client
2026-09-02 23:26:42,319 - DEBUG - ai_service.py - 163 - Fetching Gemini API key
2026-09-02 23:26:42,478 - DEBUG - idea_service.py - 23 - Initializing IdeaService
2026-09-02 23:26:42,478 - DEBUG - ai_service.py - 31 - Initializing AIService
2026-09-02 23:26:42,478 - DEBUG - ai_service.py - 148 - Creating Google GenAI client
2026-09-02 23:26:42,478 - DEBUG - ai_service.py - 163 - Fetching Gemini API key
2026-09-02 23:26:44,606 - DEBUG - idea_service.py - 23 - Initializing IdeaService
2026-09-02 23:26:44,606 - DEBUG - ai_service.py - 31 - Initializing AIService
2026-09-02 23:26:44,606 - DEBUG - ai_service.py - 148 - Creating Google GenAI client
2026-09-02 23:26:44,606 - DEBUG - ai_service.py - 163 - Fetching Gemini API key
2026-09-02 23:26:44,726 - DEBUG - idea_service.py - 23 - Initializing IdeaService
2026-09-02 23:26:44,726 - DEBUG - ai_service.py - 31 - Initializing AIService
2026-09-02 23:26:44,726 - DEBUG - ai_service.py - 148 - Creating Google GenAI client
2026-09-02 23:26:44,726 - DEBUG - ai_service.py - 163 - Fetching Gemini API key
2026-09-02 23:26:46,730 - DEBUG - idea_service.py - 23 - Initializing IdeaService
2026-09-02 23:26:46,730 - DEBUG - ai_service.py - 31 - Initializing AIService
2026-09-02 23:26:46,730 - DEBUG - ai_service.py - 148 - Creating Google GenAI client
2026-09-02 23:26:46,730 - DEBUG - ai_service.py - 163 - Fetching Gemini API key
2026-09-02 23:26:46,846 - DEBUG - idea_service.py - 23 - Initializing IdeaService
2026-09-02 23:26:46,846 - DEBUG - ai_service.py - 31 - Initializing AIService
2026-09-02 23:26:46,846 - DEBUG - ai_service.py - 148 - Creating Google GenAI client
2026-09-02 23:26:46,846 - DEBUG - ai_service.py - 163 - Fetching Gemini API key
2026-09-02 23:28:08,508 - DEBUG - idea_service.py - 23 - Initializing IdeaService
2026-09-02 23:28:08,508 - DEBUG - ai_service.py - 31 - Initializing AIService
2026-09-02 23:28:08,508 - DEBUG - ai_service.py - 148 - Creating Google GenAI client
2026-09-02 23:28:08,508 - DEBUG - ai_service.py - 163 - Fetching Gemini API key
2026-09-02 23:28:11,718 - DEBUG - idea_service.py - 23 - Initializing IdeaService
2026-09-02 23:28:11,719 - DEBUG - ai_service.py - 31 - Initializing AIService
2026-09-02 23:28:11,719 - DEBUG - ai_service.py - 148 - Creating Google GenAI client
2026-09-02 23:28:11,719 - DEBUG - ai_service.py - 163 - Fetching Gemini API key
2026-09-02 23:28:13,058 - DEBUG - idea_service.py - 23 - Initializing IdeaService
2026-09-02 23:28:13,058 - DEBUG - ai_service.py - 31 - Initializing AIService
2026-09-02 23:28:13,058 - DEBUG - ai_service.py - 148 - Creating Google GenAI client
2026-09-02 23:28:13,058 - DEBUG - ai_service.py - 163 - Fetching Gemini API key
2026-09-02 23:30:42,630 - DEBUG - idea_service.py - 23 - Initializing IdeaService
2026-09-02 23:30:42,631 - DEBUG - ai_service.py - 31 - Initializing AIService
2026-09-02 23:30:42,631 - DEBUG - ai_service.py - 148 - Creating Google GenAI client
2026-09-02 23:30:42,631 - DEBUG - ai_service.py - 163 - Fetching Gemini API key
2026-09-02 23:30:47,438 - DEBUG - idea_service.py - 23 - Initializing IdeaService
2026-09-02 23:30:47,438 - DEBUG - ai_service.py - 31 - Initializing AIService
2026-09-02 23:30:47,438 - DEBUG - ai_service.py - 148 - Creating Google GenAI client
2026-09-02 23:30:47,438 - DEBUG - ai_service.py - 163 - Fetching Gemini API key
2026-09-02 23:31:16,867 - DEBUG - idea_service.py - 23 - Initializing IdeaService
2026-09-02 23:31:16,867 - DEBUG - ai_service.py - 31 - Initializing AIService
2026-09-02 23:31:16,868 - DEBUG - ai_service.py - 148 - Creating Google GenAI client
2026-09-02 23:31:16,868 - DEBUG - ai_service.py - 163 - Fetching Gemini API key
2026-09-02 23:32:24,212 - DEBUG - idea_service.py - 23 - Initializing IdeaService
2026-09-02 23:32:24,212 - DEBUG - ai_service.py - 31 - Initializing AIService
2026-09-02 23:32:24,212 - DEBUG - ai_service.py - 148 - Creating Google GenAI client
2026-09-02 23:32:24,213 - DEBUG - ai_service.py - 163 - Fetching Gemini API key
2026-09-02 23:32:25,568 - DEBUG - idea_service.py - 23 - Initializing IdeaService
2026-09-02 23:32:25,568 - DEBUG - ai_service.py - 31 - Initializing AIService
2026-09-02 23:32:25,568 - DEBUG - ai_service.py - 148 - Creating Google GenAI client
2026-09-02 23:32:25,568 - DEBUG - ai_service.py - 163 - Fetching Gemini API key
2026-09-02 23:32:27,797 - DEBUG - idea_service.py - 23 - Initializing IdeaService
2026-09-02 23:32:27,797 - DEBUG - ai_service.py - 31 - Initializing AIService
2026-09-02 23:32:27,797 - DEBUG - ai_service.py - 148 - Creating Google GenAI client
2026-09-02 23:32:27,797 - DEBUG - ai_service.py - 163 - Fetching Gemini API key
2026-09-02 23:32:33,828 - DEBUG - idea_service.py - 23 - Initializing IdeaService
2026-09-02 23:32:33,828 - DEBUG - ai_service.py - 31 - Initializing AIService
2026-09-02 23:32:33,828 - DEBUG - ai_service.py - 148 - Creating Google GenAI client
2026-09-02 23:32:33,828 - DEBUG - ai_service.py - 163 - Fetching Gemini API key
2026-09-02 23:32:48,448 - DEBUG - idea_service.py - 23 - Initializing IdeaService
2026-09-02 23:32:48,448 - DEBUG - ai_service.py - 31 - Initializing AIService
2026-09-02 23:32:48,448 - DEBUG - ai_service.py - 148 - Creating Google GenAI client
2026-09-02 23:32:48,448 - DEBUG - ai_service.py - 163 - Fetching Gemini API key
2026-09-02 23:37:50,381 - DEBUG - idea_service.py - 23 - Initializing IdeaService
2026-09-02 23:37:50,382 - DEBUG - ai_service.py - 31 - Initializing AIService
2026-09-02 23:37:50,382 - DEBUG - ai_service.py - 148 - Creating Google GenAI client
2026-09-02 23:37:50,382 - DEBUG - ai_service.py - 163 - Fetching Gemini API key
2026-09-02 23:37:54,631 - DEBUG - idea_service.py - 23 - Initializing IdeaService
2026-09-02 23:37:54,632 - DEBUG - ai_service.py - 31 - Initializing AIService
2026-09-02 23:37:54,632 - DEBUG - ai_service.py - 148 - Creating Google GenAI client
2026-09-02 23:37:54,632 - DEBUG - ai_service.py - 163 - Fetching Gemini API key
2026-09-02 23:38:00,239 - DEBUG - idea_service.py - 23 - Initializing IdeaService
2026-09-02 23:38:00,240 - DEBUG - ai_service.py - 31 - Initializing AIService
2026-09-02 23:38:00,240 - DEBUG - ai_service.py - 148 - Creating Google GenAI client
2026-09-02 23:38:00,240 - DEBUG - ai_service.py - 163 - Fetching Gemini API key
2026-09-02 23:38:04,034 - DEBUG - idea_service.py - 23 - Initializing IdeaService
2026-09-02 23:38:04,034 - DEBUG - ai_service.py - 31 - Initializing AIService
2026-09-02 23:38:04,034 - DEBUG - ai_service.py - 148 - Creating Google GenAI client
2026-09-02 23:38:04,035 - DEBUG - ai_service.py - 163 - Fetching Gemini API key
2026-09-02 23:38:07,890 - DEBUG - idea_service.py - 23 - Initializing IdeaService
2026-09-02 23:38:07,890 - DEBUG - ai_service.py - 31 - Initializing AIService
2026-09-02 23:38:07,890 - DEBUG - ai_service.py - 148 - Creating Google GenAI client
2026-09-02 23:38:07,890 - DEBUG - ai_service.py - 163 - Fetching Gemini API key
2026-09-02 23:38:39,354 - DEBUG - idea_service.py - 23 - Initializing IdeaService
2026-09-02 23:38:39,354 - DEBUG - ai_service.py - 31 - Initializing AIService
2026-09-02 23:38:39,354 - DEBUG - ai_service.py - 148 - Creating Google GenAI client
2026-09-02 23:38:39,355 - DEBUG - ai_service.py - 163 - Fetching Gemini API key
2026-09-02 23:38:42,602 - DEBUG - idea_service.py - 23 - Initializing IdeaService
2026-09-02 23:38:42,602 - DEBUG - ai_service.py - 31 - Initializing AIService
2026-09-02 23:38:42,603 - DEBUG - ai_service.py - 148 - Creating Google GenAI client
2026-09-02 23:38:42,603 - DEBUG - ai_service.py - 163 - Fetching Gemini API key
2026-09-02 23:38:49,452 - DEBUG - idea_service.py - 23 - Initializing IdeaService
2026-09-02 23:38:49,453 - DEBUG - ai_service.py - 31 - Initializing AIService
2026-09-02 23:38:49,453 - DEBUG - ai_service.py - 148 - Creating Google GenAI client
2026-09-02 23:38:49,453 - DEBUG - ai_service.py - 163 - Fetching Gemini API key
2026-09-02 23:38:58,398 - DEBUG - idea_service.py - 23 - Initializing IdeaService
2026-09-02 23:38:58,398 - DEBUG - ai_service.py - 31 - Initializing AIService
2026-09-02 23:38:58,398 - DEBUG - ai_service.py - 148 - Creating Google GenAI client
2026-09-02 23:38:58,399 - DEBUG - ai_service.py - 163 - Fetching Gemini API key
2026-09-02 23:39:06,529 - DEBUG - idea_service.py - 23 - Initializing IdeaService
2026-09-02 23:39:06,529 - DEBUG - ai_service.py - 31 - Initializing AIService
2026-09-02 23:39:06,530 - DEBUG - ai_service.py - 148 - Creating Google GenAI client
2026-09-02 23:39:06,530 - DEBUG - ai_service.py - 163 - Fetching Gemini API key
2026-09-02 23:39:12,269 - DEBUG - idea_service.py - 23 - Initializing IdeaService
2026-09-02 23:39:12,269 - DEBUG - ai_service.py - 31 - Initializing AIService
2026-09-02 23:39:12,270 - DEBUG - ai_service.py - 148 - Creating Google GenAI client
2026-09-02 23:39:12,270 - DEBUG - ai_service.py - 163 - Fetching Gemini API key
2026-09-02 23:39:39,210 - DEBUG - idea_service.py - 23 - Initializing IdeaService
2026-09-02 23:39:39,211 - DEBUG - ai_service.py - 31 - Initializing AIService
2026-09-02 23:39:39,211 - DEBUG - ai_service.py - 148 - Creating Google GenAI client
2026-09-02 23:39:39,211 - DEBUG - ai_service.py - 163 - Fetching Gemini API key
2026-09-02 23:40:04,116 - DEBUG - idea_service.py - 23 - Initializing IdeaService
2026-09-02 23:40:04,117 - DEBUG - ai_service.py - 31 - Initializing AIService
2026-09-02 23:40:04,117 - DEBUG - ai_service.py - 148 - Creating Google GenAI client
2026-09-02 23:40:04,117 - DEBUG - ai_service.py - 163 - Fetching Gemini API key
2026-09-02 23:44:21,934 - DEBUG - idea_service.py - 23 - Initializing IdeaService
2026-09-02 23:44:21,934 - DEBUG - ai_service.py - 31 - Initializing AIService
2026-09-02 23:44:21,935 - DEBUG - ai_service.py - 148 - Creating Google GenAI client
2026-09-02 23:44:21,935 - DEBUG - ai_service.py - 163 - Fetching Gemini API key
2026-09-02 23:44:24,195 - DEBUG - idea_service.py - 23 - Initializing IdeaService
2026-09-02 23:44:24,195 - DEBUG - ai_service.py - 31 - Initializing AIService
2026-09-02 23:44:24,195 - DEBUG - ai_service.py - 148 - Creating Google GenAI client
2026-09-02 23:44:24,196 - DEBUG - ai_service.py - 163 - Fetching Gemini API key
2026-09-02 23:49:25,807 - DEBUG - idea_service.py - 23 - Initializing IdeaService
2026-09-02 23:49:25,808 - DEBUG - ai_service.py - 31 - Initializing AIService
2026-09-02 23:49:25,808 - DEBUG - ai_service.py - 148 - Creating Google GenAI client
2026-09-02 23:49:25,808 - DEBUG - ai_service.py - 163 - Fetching Gemini API key
2026-09-02 23:49:27,393 - DEBUG - idea_service.py - 23 - Initializing IdeaService
2026-09-02 23:49:27,393 - DEBUG - ai_service.py - 31 - Initializing AIService
2026-09-02 23:49:27,393 - DEBUG - ai_service.py - 148 - Creating Google GenAI client
2026-09-02 23:49:27,393 - DEBUG - ai_service.py - 163 - Fetching Gemini API key
2026-09-02 23:49:27,492 - DEBUG - idea_service.py - 23 - Initializing IdeaService
2026-09-02 23:49:27,492 - DEBUG - ai_service.py - 31 - Initializing AIService
2026-09-02 23:49:27,492 - DEBUG - ai_service.py - 148 - Creating Google GenAI client
2026-09-02 23:49:27,492 - DEBUG - ai_service.py - 163 - Fetching Gemini API key
2026-09-02 23:49:27,584 - DEBUG - idea_service.py - 23 - Initializing IdeaService
2026-09-02 23:49:27,585 - DEBUG - ai_service.py - 31 - Initializing AIService
2026-09-02 23:49:27,585 - DEBUG - ai_service.py - 148 - Creating Google GenAI client
2026-09-02 23:49:27,585 - DEBUG - ai_service.py - 163 - Fetching Gemini API key
2026-09-02 23:49:27,677 - DEBUG - idea_service.py - 23 - Initializing IdeaService
2026-09-02 23:49:27,677 - DEBUG - ai_service.py - 31 - Initializing AIService
2026-09-02 23:49:27,677 - DEBUG - ai_service.py - 148 - Creating Google GenAI client
2026-09-02 23:49:27,677 - DEBUG - ai_service.py - 163 - Fetching Gemini API key
2026-09-02 23:49:32,229 - DEBUG - idea_service.py - 23 - Initializing IdeaService
2026-09-02 23:49:32,229 - DEBUG - ai_service.py - 31 - Initializing AIService
2026-09-02 23:49:32,229 - DEBUG - ai_service.py - 148 - Creating Google GenAI client
2026-09-02 23:49:32,230 - DEBUG - ai_service.py - 163 - Fetching Gemini API key
2026-09-02 23:49:33,248 - DEBUG - idea_service.py - 23 - Initializing IdeaService
2026-09-02 23:49:33,248 - DEBUG - ai_service.py - 31 - Initializing AIService
2026-09-02 23:49:33,248 - DEBUG - ai_service.py - 148 - Creating Google GenAI client
2026-09-02 23:49:33,248 - DEBUG - ai_service.py - 163 - Fetching Gemini API key
2026-09-02 23:49:35,157 - DEBUG - idea_service.py - 23 - Initializing IdeaService
2026-09-02 23:49:35,157 - DEBUG - ai_service.py - 31 - Initializing AIService
2026-09-02 23:49:35,157 - DEBUG - ai_service.py - 148 - Creating Google GenAI client
2026-09-02 23:49:35,157 - DEBUG - ai_service.py - 163 - Fetching Gemini API key
2026-09-02 23:49:40,579 - DEBUG - idea_service.py - 23 - Initializing IdeaService
2026-09-02 23:49:40,579 - DEBUG - ai_service.py - 31 - Initializing AIService
2026-09-02 23:49:40,579 - DEBUG - ai_service.py - 148 - Creating Google GenAI client
2026-09-02 23:49:40,579 - DEBUG - ai_service.py - 163 - Fetching Gemini API key
2026-09-02 23:49:45,079 - DEBUG - idea_service.py - 23 - Initializing IdeaService
2026-09-02 23:49:45,079 - DEBUG - ai_service.py - 31 - Initializing AIService
2026-09-02 23:49:45,079 - DEBUG - ai_service.py - 148 - Creating Google GenAI client
2026-09-02 23:49:45,080 - DEBUG - ai_service.py - 163 - Fetching Gemini API key
2026-09-02 23:49:55,019 - DEBUG - idea_service.py - 23 - Initializing IdeaService
2026-09-02 23:49:55,019 - DEBUG - ai_service.py - 31 - Initializing AIService
2026-09-02 23:49:55,020 - DEBUG - ai_service.py - 148 - Creating Google GenAI client
2026-09-02 23:49:55,020 - DEBUG - ai_service.py - 163 - Fetching Gemini API key
2026-09-02 23:50:11,303 - DEBUG - idea_service.py - 23 - Initializing IdeaService
2026-09-02 23:50:11,303 - DEBUG - ai_service.py - 31 - Initializing AIService
2026-09-02 23:50:11,303 - DEBUG - ai_service.py - 148 - Creating Google GenAI client
2026-09-02 23:50:11,303 - DEBUG - ai_service.py - 163 - Fetching Gemini API key
2026-09-02 23:50:14,980 - DEBUG - idea_service.py - 23 - Initializing IdeaService
2026-09-02 23:50:14,980 - DEBUG - ai_service.py - 31 - Initializing AIService
2026-09-02 23:50:14,980 - DEBUG - ai_service.py - 148 - Creating Google GenAI client
2026-09-02 23:50:14,980 - DEBUG - ai_service.py - 163 - Fetching Gemini API key
2026-09-02 23:50:18,209 - DEBUG - idea_service.py - 23 - Initializing IdeaService
2026-09-02 23:50:18,209 - DEBUG - ai_service.py - 31 - Initializing AIService
2026-09-02 23:50:18,210 - DEBUG - ai_service.py - 148 - Creating Google GenAI client
2026-09-02 23:50:18,210 - DEBUG - ai_service.py - 163 - Fetching Gemini API key
2026-09-02 23:50:27,373 - DEBUG - idea_service.py - 23 - Initializing IdeaService
2026-09-02 23:50:27,373 - DEBUG - ai_service.py - 31 - Initializing AIService
2026-09-02 23:50:27,373 - DEBUG - ai_service.py - 148 - Creating Google GenAI client
2026-09-02 23:50:27,373 - DEBUG - ai_service.py - 163 - Fetching Gemini API key
2026-09-02 23:50:32,322 - DEBUG - idea_service.py - 23 - Initializing IdeaService
2026-09-02 23:50:32,322 - DEBUG - ai_service.py - 31 - Initializing AIService
2026-09-02 23:50:32,322 - DEBUG - ai_service.py - 148 - Creating Google GenAI client
2026-09-02 23:50:32,322 - DEBUG - ai_service.py - 163 - Fetching Gemini API key
2026-09-02 23:50:38,642 - DEBUG - idea_service.py - 23 - Initializing IdeaService
2026-09-02 23:50:38,642 - DEBUG - ai_service.py - 31 - Initializing AIService
2026-09-02 23:50:38,642 - DEBUG - ai_service.py - 148 - Creating Google GenAI client
2026-09-02 23:50:38,642 - DEBUG - ai_service.py - 163 - Fetching Gemini API key
2026-09-02 23:51:00,388 - DEBUG - idea_service.py - 23 - Initializing IdeaService
2026-09-02 23:51:00,388 - DEBUG - ai_service.py - 31 - Initializing AIService
2026-09-02 23:51:00,388 - DEBUG - ai_service.py - 148 - Creating Google GenAI client
2026-09-02 23:51:00,388 - DEBUG - ai_service.py - 163 - Fetching Gemini API key
2026-09-02 23:51:13,608 - DEBUG - idea_service.py - 23 - Initializing IdeaService
2026-09-02 23:51:13,608 - DEBUG - ai_service.py - 31 - Initializing AIService
2026-09-02 23:51:13,608 - DEBUG - ai_service.py - 148 - Creating Google GenAI client
2026-09-02 23:51:13,608 - DEBUG - ai_service.py - 163 - Fetching Gemini API key
2026-09-02 23:51:16,804 - DEBUG - idea_service.py - 23 - Initializing IdeaService
2026-09-02 23:51:16,804 - DEBUG - ai_service.py - 31 - Initializing AIService
2026-09-02 23:51:16,804 - DEBUG - ai_service.py - 148 - Creating Google GenAI client
2026-09-02 23:51:16,805 - DEBUG - ai_service.py - 163 - Fetching Gemini API key
2026-09-02 23:51:18,594 - DEBUG - idea_service.py - 23 - Initializing IdeaService
2026-09-02 23:51:18,594 - DEBUG - ai_service.py - 31 - Initializing AIService
2026-09-02 23:51:18,594 - DEBUG - ai_service.py - 148 - Creating Google GenAI client
2026-09-02 23:51:18,594 - DEBUG - ai_service.py - 163 - Fetching Gemini API key
2026-09-02 23:51:24,646 - DEBUG - idea_service.py - 23 - Initializing IdeaService
2026-09-02 23:51:24,646 - DEBUG - ai_service.py - 31 - Initializing AIService
2026-09-02 23:51:24,646 - DEBUG - ai_service.py - 148 - Creating Google GenAI client
2026-09-02 23:51:24,646 - DEBUG - ai_service.py - 163 - Fetching Gemini API key
2026-09-02 23:51:29,322 - DEBUG - idea_service.py - 23 - Initializing IdeaService
2026-09-02 23:51:29,322 - DEBUG - ai_service.py - 31 - Initializing AIService
2026-09-02 23:51:29,322 - DEBUG - ai_service.py - 148 - Creating Google GenAI client
2026-09-02 23:51:29,322 - DEBUG - ai_service.py - 163 - Fetching Gemini API key
2026-09-02 23:51:36,876 - DEBUG - idea_service.py - 23 - Initializing IdeaService
2026-09-02 23:51:36,876 - DEBUG - ai_service.py - 31 - Initializing AIService
2026-09-02 23:51:36,876 - DEBUG - ai_service.py - 148 - Creating Google GenAI client
2026-09-02 23:51:36,876 - DEBUG - ai_service.py - 163 - Fetching Gemini API key
2026-09-02 23:51:38,721 - DEBUG - idea_service.py - 23 - Initializing IdeaService
2026-09-02 23:51:38,722 - DEBUG - ai_service.py - 31 - Initializing AIService
2026-09-02 23:51:38,722 - DEBUG - ai_service.py - 148 - Creating Google GenAI client
2026-09-02 23:51:38,722 - DEBUG - ai_service.py - 163 - Fetching Gemini API key
2026-09-02 23:51:41,221 - DEBUG - idea_service.py - 23 - Initializing IdeaService
2026-09-02 23:51:41,221 - DEBUG - ai_service.py - 31 - Initializing AIService
2026-09-02 23:51:41,221 - DEBUG - ai_service.py - 148 - Creating Google GenAI client
2026-09-02 23:51:41,221 - DEBUG - ai_service.py - 163 - Fetching Gemini API key
2026-09-02 23:51:45,514 - DEBUG - idea_service.py - 23 - Initializing IdeaService
2026-09-02 23:51:45,514 - DEBUG - ai_service.py - 31 - Initializing AIService
2026-09-02 23:51:45,514 - DEBUG - ai_service.py - 148 - Creating Google GenAI client
2026-09-02 23:51:45,514 - DEBUG - ai_service.py - 163 - Fetching Gemini API key
2026-09-02 23:51:51,806 - DEBUG - idea_service.py - 23 - Initializing IdeaService
2026-09-02 23:51:51,806 - DEBUG - ai_service.py - 31 - Initializing AIService
2026-09-02 23:51:51,806 - DEBUG - ai_service.py - 148 - Creating Google GenAI client
2026-09-02 23:51:51,806 - DEBUG - ai_service.py - 163 - Fetching Gemini API key
2026-09-02 23:51:56,371 - DEBUG - idea_service.py - 23 - Initializing IdeaService
2026-09-02 23:51:56,371 - DEBUG - ai_service.py - 31 - Initializing AIService
2026-09-02 23:51:56,371 - DEBUG - ai_service.py - 148 - Creating Google GenAI client
2026-09-02 23:51:56,371 - DEBUG - ai_service.py - 163 - Fetching Gemini API key
2026-09-02 23:51:57,526 - DEBUG - idea_service.py - 23 - Initializing IdeaService
2026-09-02 23:51:57,527 - DEBUG - ai_service.py - 31 - Initializing AIService
2026-09-02 23:51:57,527 - DEBUG - ai_service.py - 148 - Creating Google GenAI client
2026-09-02 23:51:57,527 - DEBUG - ai_service.py - 163 - Fetching Gemini API key
2026-09-02 23:52:00,338 - DEBUG - idea_service.py - 23 - Initializing IdeaService
2026-09-02 23:52:00,338 - DEBUG - ai_service.py - 31 - Initializing AIService
2026-09-02 23:52:00,338 - DEBUG - ai_service.py - 148 - Creating Google GenAI client
2026-09-02 23:52:00,338 - DEBUG - ai_service.py - 163 - Fetching Gemini API key
2026-09-02 23:52:04,797 - DEBUG - idea_service.py - 23 - Initializing IdeaService
2026-09-02 23:52:04,797 - DEBUG - ai_service.py - 31 - Initializing AIService
2026-09-02 23:52:04,797 - DEBUG - ai_service.py - 148 - Creating Google GenAI client
2026-09-02 23:52:04,798 - DEBUG - ai_service.py - 163 - Fetching Gemini API key
2026-09-02 23:52:11,775 - DEBUG - idea_service.py - 23 - Initializing IdeaService
2026-09-02 23:52:11,775 - DEBUG - ai_service.py - 31 - Initializing AIService
2026-09-02 23:52:11,775 - DEBUG - ai_service.py - 148 - Creating Google GenAI client
2026-09-02 23:52:11,775 - DEBUG - ai_service.py - 163 - Fetching Gemini API key
2026-09-02 23:52:37,127 - DEBUG - idea_service.py - 23 - Initializing IdeaService
2026-09-02 23:52:37,127 - DEBUG - ai_service.py - 31 - Initializing AIService
2026-09-02 23:52:37,127 - DEBUG - ai_service.py - 148 - Creating Google GenAI client
2026-09-02 23:52:37,127 - DEBUG - ai_service.py - 163 - Fetching Gemini API key
2026-09-02 23:52:38,770 - DEBUG - idea_service.py - 23 - Initializing IdeaService
2026-09-02 23:52:38,770 - DEBUG - ai_service.py - 31 - Initializing AIService
2026-09-02 23:52:38,771 - DEBUG - ai_service.py - 148 - Creating Google GenAI client
2026-09-02 23:52:38,771 - DEBUG - ai_service.py - 163 - Fetching Gemini API key
2026-09-02 23:52:51,737 - DEBUG - idea_service.py - 23 - Initializing IdeaService
2026-09-02 23:52:51,738 - DEBUG - ai_service.py - 31 - Initializing AIService
2026-09-02 23:52:51,738 - DEBUG - ai_service.py - 148 - Creating Google GenAI client
2026-09-02 23:52:51,738 - DEBUG - ai_service.py - 163 - Fetching Gemini API key
2026-09-02 23:52:56,712 - DEBUG - idea_service.py - 23 - Initializing IdeaService
2026-09-02 23:52:56,712 - DEBUG - ai_service.py - 31 - Initializing AIService
2026-09-02 23:52:56,712 - DEBUG - ai_service.py - 148 - Creating Google GenAI client
2026-09-02 23:52:56,712 - DEBUG - ai_service.py - 163 - Fetching Gemini API key
2026-09-02 23:53:03,952 - DEBUG - idea_service.py - 23 - Initializing IdeaService
2026-09-02 23:53:03,952 - DEBUG - ai_service.py - 31 - Initializing AIService
2026-09-02 23:53:03,952 - DEBUG - ai_service.py - 148 - Creating Google GenAI client
2026-09-02 23:53:03,952 - DEBUG - ai_service.py - 163 - Fetching Gemini API key
2026-09-02 23:53:05,553 - DEBUG - idea_service.py - 23 - Initializing IdeaService
2026-09-02 23:53:05,553 - DEBUG - ai_service.py - 31 - Initializing AIService
2026-09-02 23:53:05,553 - DEBUG - ai_service.py - 148 - Creating Google GenAI client
2026-09-02 23:53:05,553 - DEBUG - ai_service.py - 163 - Fetching Gemini API key
2026-09-02 23:53:06,898 - DEBUG - idea_service.py - 23 - Initializing IdeaService
2026-09-02 23:53:06,898 - DEBUG - ai_service.py - 31 - Initializing AIService
2026-09-02 23:53:06,899 - DEBUG - ai_service.py - 148 - Creating Google GenAI client
2026-09-02 23:53:06,899 - DEBUG - ai_service.py - 163 - Fetching Gemini API key
2026-09-02 23:53:13,542 - DEBUG - idea_service.py - 23 - Initializing IdeaService
2026-09-02 23:53:13,543 - DEBUG - ai_service.py - 31 - Initializing AIService
2026-09-02 23:53:13,543 - DEBUG - ai_service.py - 148 - Creating Google GenAI client
2026-09-02 23:53:13,543 - DEBUG - ai_service.py - 163 - Fetching Gemini API key
2026-09-02 23:53:16,020 - DEBUG - idea_service.py - 23 - Initializing IdeaService
2026-09-02 23:53:16,020 - DEBUG - ai_service.py - 31 - Initializing AIService
2026-09-02 23:53:16,020 - DEBUG - ai_service.py - 148 - Creating Google GenAI client
2026-09-02 23:53:16,021 - DEBUG - ai_service.py - 163 - Fetching Gemini API key
2026-09-02 23:53:27,858 - DEBUG - idea_service.py - 23 - Initializing IdeaService
2026-09-02 23:53:27,859 - DEBUG - ai_service.py - 31 - Initializing AIService
2026-09-02 23:53:27,859 - DEBUG - ai_service.py - 148 - Creating Google GenAI client
2026-09-02 23:53:27,859 - DEBUG - ai_service.py - 163 - Fetching Gemini API key
2026-09-02 23:53:32,274 - DEBUG - idea_service.py - 23 - Initializing IdeaService
2026-09-02 23:53:32,275 - DEBUG - ai_service.py - 31 - Initializing AIService
2026-09-02 23:53:32,275 - DEBUG - ai_service.py - 148 - Creating Google GenAI client
2026-09-02 23:53:32,275 - DEBUG - ai_service.py - 163 - Fetching Gemini API key
2026-09-02 23:53:50,650 - DEBUG - idea_service.py - 23 - Initializing IdeaService
2026-09-02 23:53:50,651 - DEBUG - ai_service.py - 31 - Initializing AIService
2026-09-02 23:53:50,651 - DEBUG - ai_service.py - 148 - Creating Google GenAI client
2026-09-02 23:53:50,651 - DEBUG - ai_service.py - 163 - Fetching Gemini API key
2026-09-02 23:53:52,139 - DEBUG - idea_service.py - 23 - Initializing IdeaService
2026-09-02 23:53:52,140 - DEBUG - ai_service.py - 31 - Initializing AIService
2026-09-02 23:53:52,140 - DEBUG - ai_service.py - 148 - Creating Google GenAI client
2026-09-02 23:53:52,140 - DEBUG - ai_service.py - 163 - Fetching Gemini API key
2026-09-02 23:53:55,979 - DEBUG - idea_service.py - 23 - Initializing IdeaService
2026-09-02 23:53:55,979 - DEBUG - ai_service.py - 31 - Initializing AIService
2026-09-02 23:53:55,979 - DEBUG - ai_service.py - 148 - Creating Google GenAI client
2026-09-02 23:53:55,979 - DEBUG - ai_service.py - 163 - Fetching Gemini API key
2026-09-02 23:54:19,714 - DEBUG - idea_service.py - 23 - Initializing IdeaService
2026-09-02 23:54:19,714 - DEBUG - ai_service.py - 31 - Initializing AIService
2026-09-02 23:54:19,714 - DEBUG - ai_service.py - 148 - Creating Google GenAI client
2026-09-02 23:54:19,714 - DEBUG - ai_service.py - 163 - Fetching Gemini API key
2026-09-02 23:54:31,893 - DEBUG - idea_service.py - 23 - Initializing IdeaService
2026-09-02 23:54:31,893 - DEBUG - ai_service.py - 31 - Initializing AIService
2026-09-02 23:54:31,893 - DEBUG - ai_service.py - 148 - Creating Google GenAI client
2026-09-02 23:54:31,893 - DEBUG - ai_service.py - 163 - Fetching Gemini API key
2026-09-02 23:54:33,958 - DEBUG - idea_service.py - 23 - Initializing IdeaService
2026-09-02 23:54:33,958 - DEBUG - ai_service.py - 31 - Initializing AIService
2026-09-02 23:54:33,958 - DEBUG - ai_service.py - 148 - Creating Google GenAI client
2026-09-02 23:54:33,958 - DEBUG - ai_service.py - 163 - Fetching Gemini API key
2026-09-02 23:54:37,408 - DEBUG - idea_service.py - 23 - Initializing IdeaService
2026-09-02 23:54:37,408 - DEBUG - ai_service.py - 31 - Initializing AIService
2026-09-02 23:54:37,408 - DEBUG - ai_service.py - 148 - Creating Google GenAI client
2026-09-02 23:54:37,408 - DEBUG - ai_service.py - 163 - Fetching Gemini API key
2026-09-02 23:54:39,655 - DEBUG - idea_service.py - 23 - Initializing IdeaService
2026-09-02 23:54:39,655 - DEBUG - ai_service.py - 31 - Initializing AIService
2026-09-02 23:54:39,655 - DEBUG - ai_service.py - 148 - Creating Google GenAI client
2026-09-02 23:54:39,655 - DEBUG - ai_service.py - 163 - Fetching Gemini API key
2026-09-02 23:55:06,161 - DEBUG - idea_service.py - 23 - Initializing IdeaService
2026-09-02 23:55:06,161 - DEBUG - ai_service.py - 31 - Initializing AIService
2026-09-02 23:55:06,161 - DEBUG - ai_service.py - 148 - Creating Google GenAI client
2026-09-02 23:55:06,161 - DEBUG - ai_service.py - 163 - Fetching Gemini API key
2026-09-02 23:55:06,259 - DEBUG - idea_service.py - 23 - Initializing IdeaService
2026-09-02 23:55:06,260 - DEBUG - ai_service.py - 31 - Initializing AIService
2026-09-02 23:55:06,260 - DEBUG - ai_service.py - 148 - Creating Google GenAI client
2026-09-02 23:55:06,260 - DEBUG - ai_service.py - 163 - Fetching Gemini API key
2026-09-02 23:55:06,358 - DEBUG - idea_service.py - 23 - Initializing IdeaService
2026-09-02 23:55:06,358 - DEBUG - ai_service.py - 31 - Initializing AIService
2026-09-02 23:55:06,358 - DEBUG - ai_service.py - 148 - Creating Google GenAI client
2026-09-02 23:55:06,358 - DEBUG - ai_service.py - 163 - Fetching Gemini API key
2026-09-02 23:55:06,455 - DEBUG - idea_service.py - 23 - Initializing IdeaService
2026-09-02 23:55:06,455 - DEBUG - ai_service.py - 31 - Initializing AIService
2026-09-02 23:55:06,455 - DEBUG - ai_service.py - 148 - Creating Google GenAI client
2026-09-02 23:55:06,455 - DEBUG - ai_service.py - 163 - Fetching Gemini API key
2026-09-02 23:55:06,544 - DEBUG - idea_service.py - 23 - Initializing IdeaService
2026-09-02 23:55:06,544 - DEBUG - ai_service.py - 31 - Initializing AIService
2026-09-02 23:55:06,544 - DEBUG - ai_service.py - 148 - Creating Google GenAI client
2026-09-02 23:55:06,544 - DEBUG - ai_service.py - 163 - Fetching Gemini API key
2026-09-02 23:55:06,636 - DEBUG - idea_service.py - 23 - Initializing IdeaService
2026-09-02 23:55:06,636 - DEBUG - ai_service.py - 31 - Initializing AIService
2026-09-02 23:55:06,636 - DEBUG - ai_service.py - 148 - Creating Google GenAI client
2026-09-02 23:55:06,636 - DEBUG - ai_service.py - 163 - Fetching Gemini API key
2026-09-02 23:55:06,734 - DEBUG - idea_service.py - 23 - Initializing IdeaService
2026-09-02 23:55:06,735 - DEBUG - ai_service.py - 31 - Initializing AIService
2026-09-02 23:55:06,735 - DEBUG - ai_service.py - 148 - Creating Google GenAI client
2026-09-02 23:55:06,735 - DEBUG - ai_service.py - 163 - Fetching Gemini API key
2026-09-02 23:55:29,456 - DEBUG - idea_service.py - 23 - Initializing IdeaService
2026-09-02 23:55:29,456 - DEBUG - ai_service.py - 31 - Initializing AIService
2026-09-02 23:55:29,456 - DEBUG - ai_service.py - 148 - Creating Google GenAI client
2026-09-02 23:55:29,456 - DEBUG - ai_service.py - 163 - Fetching Gemini API key
2026-09-02 23:55:31,122 - DEBUG - idea_service.py - 23 - Initializing IdeaService
2026-09-02 23:55:31,122 - DEBUG - ai_service.py - 31 - Initializing AIService
2026-09-02 23:55:31,122 - DEBUG - ai_service.py - 148 - Creating Google GenAI client
2026-09-02 23:55:31,122 - DEBUG - ai_service.py - 163 - Fetching Gemini API key
2026-09-02 23:55:32,729 - DEBUG - idea_service.py - 23 - Initializing IdeaService
2026-09-02 23:55:32,730 - DEBUG - ai_service.py - 31 - Initializing AIService
2026-09-02 23:55:32,730 - DEBUG - ai_service.py - 148 - Creating Google GenAI client
2026-09-02 23:55:32,730 - DEBUG - ai_service.py - 163 - Fetching Gemini API key
2026-09-02 23:55:40,123 - DEBUG - idea_service.py - 23 - Initializing IdeaService
2026-09-02 23:55:40,123 - DEBUG - ai_service.py - 31 - Initializing AIService
2026-09-02 23:55:40,123 - DEBUG - ai_service.py - 148 - Creating Google GenAI client
2026-09-02 23:55:40,123 - DEBUG - ai_service.py - 163 - Fetching Gemini API key
2026-09-02 23:55:46,222 - DEBUG - idea_service.py - 23 - Initializing IdeaService
2026-09-02 23:55:46,222 - DEBUG - ai_service.py - 31 - Initializing AIService
2026-09-02 23:55:46,222 - DEBUG - ai_service.py - 148 - Creating Google GenAI client
2026-09-02 23:55:46,222 - DEBUG - ai_service.py - 163 - Fetching Gemini API key
2026-09-02 23:55:48,486 - DEBUG - idea_service.py - 23 - Initializing IdeaService
2026-09-02 23:55:48,486 - DEBUG - ai_service.py - 31 - Initializing AIService
2026-09-02 23:55:48,486 - DEBUG - ai_service.py - 148 - Creating Google GenAI client
2026-09-02 23:55:48,486 - DEBUG - ai_service.py - 163 - Fetching Gemini API key
2026-09-02 23:55:55,064 - DEBUG - idea_service.py - 23 - Initializing IdeaService
2026-09-02 23:55:55,065 - DEBUG - ai_service.py - 31 - Initializing AIService
2026-09-02 23:55:55,065 - DEBUG - ai_service.py - 148 - Creating Google GenAI client
2026-09-02 23:55:55,065 - DEBUG - ai_service.py - 163 - Fetching Gemini API key
2026-09-02 23:56:06,609 - DEBUG - idea_service.py - 23 - Initializing IdeaService
2026-09-02 23:56:06,610 - DEBUG - ai_service.py - 31 - Initializing AIService
2026-09-02 23:56:06,610 - DEBUG - ai_service.py - 148 - Creating Google GenAI client
2026-09-02 23:56:06,610 - DEBUG - ai_service.py - 163 - Fetching Gemini API key
2026-09-02 23:56:09,994 - DEBUG - idea_service.py - 23 - Initializing IdeaService
2026-09-02 23:56:09,994 - DEBUG - ai_service.py - 31 - Initializing AIService
2026-09-02 23:56:09,994 - DEBUG - ai_service.py - 148 - Creating Google GenAI client
2026-09-02 23:56:09,994 - DEBUG - ai_service.py - 163 - Fetching Gemini API key
2026-09-02 23:56:11,932 - DEBUG - idea_service.py - 23 - Initializing IdeaService
2026-09-02 23:56:11,932 - DEBUG - ai_service.py - 31 - Initializing AIService
2026-09-02 23:56:11,932 - DEBUG - ai_service.py - 148 - Creating Google GenAI client
2026-09-02 23:56:11,932 - DEBUG - ai_service.py - 163 - Fetching Gemini API key
2026-09-02 23:56:15,121 - DEBUG - idea_service.py - 23 - Initializing IdeaService
2026-09-02 23:56:15,121 - DEBUG - ai_service.py - 31 - Initializing AIService
2026-09-02 23:56:15,121 - DEBUG - ai_service.py - 148 - Creating Google GenAI client
2026-09-02 23:56:15,121 - DEBUG - ai_service.py - 163 - Fetching Gemini API key
2026-09-02 23:56:23,730 - DEBUG - idea_service.py - 23 - Initializing IdeaService
2026-09-02 23:56:23,731 - DEBUG - ai_service.py - 31 - Initializing AIService
2026-09-02 23:56:23,731 - DEBUG - ai_service.py - 148 - Creating Google GenAI client
2026-09-02 23:56:23,731 - DEBUG - ai_service.py - 163 - Fetching Gemini API key
2026-09-02 23:56:26,711 - DEBUG - idea_service.py - 23 - Initializing IdeaService
2026-09-02 23:56:26,711 - DEBUG - ai_service.py - 31 - Initializing AIService
2026-09-02 23:56:26,711 - DEBUG - ai_service.py - 148 - Creating Google GenAI client
2026-09-02 23:56:26,711 - DEBUG - ai_service.py - 163 - Fetching Gemini API key
2026-09-02 23:56:29,134 - DEBUG - idea_service.py - 23 - Initializing IdeaService
2026-09-02 23:56:29,134 - DEBUG - ai_service.py - 31 - Initializing AIService
2026-09-02 23:56:29,134 - DEBUG - ai_service.py - 148 - Creating Google GenAI client
2026-09-02 23:56:29,134 - DEBUG - ai_service.py - 163 - Fetching Gemini API key
2026-09-02 23:56:36,991 - DEBUG - idea_service.py - 23 - Initializing IdeaService
2026-09-02 23:56:36,992 - DEBUG - ai_service.py - 31 - Initializing AIService
2026-09-02 23:56:36,992 - DEBUG - ai_service.py - 148 - Creating Google GenAI client
2026-09-02 23:56:36,992 - DEBUG - ai_service.py - 163 - Fetching Gemini API key
2026-09-02 23:56:38,790 - DEBUG - idea_service.py - 23 - Initializing IdeaService
2026-09-02 23:56:38,791 - DEBUG - ai_service.py - 31 - Initializing AIService
2026-09-02 23:56:38,791 - DEBUG - ai_service.py - 148 - Creating Google GenAI client
2026-09-02 23:56:38,791 - DEBUG - ai_service.py - 163 - Fetching Gemini API key
2026-09-02 23:57:21,739 - DEBUG - idea_service.py - 23 - Initializing IdeaService
2026-09-02 23:57:21,739 - DEBUG - ai_service.py - 31 - Initializing AIService
2026-09-02 23:57:21,739 - DEBUG - ai_service.py - 148 - Creating Google GenAI client
2026-09-02 23:57:21,739 - DEBUG - ai_service.py - 163 - Fetching Gemini API key
2026-09-02 23:57:34,699 - DEBUG - idea_service.py - 23 - Initializing IdeaService
2026-09-02 23:57:34,700 - DEBUG - ai_service.py - 31 - Initializing AIService
2026-09-02 23:57:34,700 - DEBUG - ai_service.py - 148 - Creating Google GenAI client
2026-09-02 23:57:34,700 - DEBUG - ai_service.py - 163 - Fetching Gemini API key
2026-09-02 23:57:53,295 - DEBUG - idea_service.py - 23 - Initializing IdeaService
2026-09-02 23:57:53,295 - DEBUG - ai_service.py - 31 - Initializing AIService
2026-09-02 23:57:53,296 - DEBUG - ai_service.py - 148 - Creating Google GenAI client
2026-09-02 23:57:53,296 - DEBUG - ai_service.py - 163 - Fetching Gemini API key
2026-09-02 23:57:57,011 - DEBUG - idea_service.py - 23 - Initializing IdeaService
2026-09-02 23:57:57,012 - DEBUG - ai_service.py - 31 - Initializing AIService
2026-09-02 23:57:57,012 - DEBUG - ai_service.py - 148 - Creating Google GenAI client
2026-09-02 23:57:57,012 - DEBUG - ai_service.py - 163 - Fetching Gemini API key
2026-09-02 23:57:58,202 - DEBUG - idea_service.py - 23 - Initializing IdeaService
2026-09-02 23:57:58,202 - DEBUG - ai_service.py - 31 - Initializing AIService
2026-09-02 23:57:58,202 - DEBUG - ai_service.py - 148 - Creating Google GenAI client
2026-09-02 23:57:58,202 - DEBUG - ai_service.py - 163 - Fetching Gemini API key
2026-09-02 23:58:00,655 - DEBUG - idea_service.py - 23 - Initializing IdeaService
2026-09-02 23:58:00,655 - DEBUG - ai_service.py - 31 - Initializing AIService
2026-09-02 23:58:00,655 - DEBUG - ai_service.py - 148 - Creating Google GenAI client
2026-09-02 23:58:00,655 - DEBUG - ai_service.py - 163 - Fetching Gemini API key
2026-09-02 23:58:35,182 - DEBUG - idea_service.py - 23 - Initializing IdeaService
2026-09-02 23:58:35,182 - DEBUG - ai_service.py - 31 - Initializing AIService
2026-09-02 23:58:35,182 - DEBUG - ai_service.py - 148 - Creating Google GenAI client
2026-09-02 23:58:35,182 - DEBUG - ai_service.py - 163 - Fetching Gemini API key
2026-09-02 23:58:44,334 - DEBUG - idea_service.py - 23 - Initializing IdeaService
2026-09-02 23:58:44,334 - DEBUG - ai_service.py - 31 - Initializing AIService
2026-09-02 23:58:44,334 - DEBUG - ai_service.py - 148 - Creating Google GenAI client
2026-09-02 23:58:44,335 - DEBUG - ai_service.py - 163 - Fetching Gemini API key
2026-09-02 23:58:55,661 - DEBUG - idea_service.py - 23 - Initializing IdeaService
2026-09-02 23:58:55,661 - DEBUG - ai_service.py - 31 - Initializing AIService
2026-09-02 23:58:55,661 - DEBUG - ai_service.py - 148 - Creating Google GenAI client
2026-09-02 23:58:55,662 - DEBUG - ai_service.py - 163 - Fetching Gemini API key
2026-09-02 23:58:57,447 - DEBUG - idea_service.py - 23 - Initializing IdeaService
2026-09-02 23:58:57,447 - DEBUG - ai_service.py - 31 - Initializing AIService
2026-09-02 23:58:57,447 - DEBUG - ai_service.py - 148 - Creating Google GenAI client
2026-09-02 23:58:57,447 - DEBUG - ai_service.py - 163 - Fetching Gemini API key
2026-09-02 23:59:02,288 - DEBUG - idea_service.py - 23 - Initializing IdeaService
2026-09-02 23:59:02,288 - DEBUG - ai_service.py - 31 - Initializing AIService
2026-09-02 23:59:02,289 - DEBUG - ai_service.py - 148 - Creating Google GenAI client
2026-09-02 23:59:02,289 - DEBUG - ai_service.py - 163 - Fetching Gemini API key
2026-09-02 23:59:04,712 - DEBUG - idea_service.py - 23 - Initializing IdeaService
2026-09-02 23:59:04,712 - DEBUG - ai_service.py - 31 - Initializing AIService
2026-09-02 23:59:04,712 - DEBUG - ai_service.py - 148 - Creating Google GenAI client
2026-09-02 23:59:04,712 - DEBUG - ai_service.py - 163 - Fetching Gemini API key
2026-09-02 23:59:15,963 - DEBUG - idea_service.py - 23 - Initializing IdeaService
2026-09-02 23:59:15,964 - DEBUG - ai_service.py - 31 - Initializing AIService
2026-09-02 23:59:15,964 - DEBUG - ai_service.py - 148 - Creating Google GenAI client
2026-09-02 23:59:15,964 - DEBUG - ai_service.py - 163 - Fetching Gemini API key
2026-09-02 23:59:17,360 - DEBUG - idea_service.py - 23 - Initializing IdeaService
2026-09-02 23:59:17,360 - DEBUG - ai_service.py - 31 - Initializing AIService
2026-09-02 23:59:17,360 - DEBUG - ai_service.py - 148 - Creating Google GenAI client
2026-09-02 23:59:17,360 - DEBUG - ai_service.py - 163 - Fetching Gemini API key
2026-09-02 23:59:25,465 - DEBUG - idea_service.py - 23 - Initializing IdeaService
2026-09-02 23:59:25,465 - DEBUG - ai_service.py - 31 - Initializing AIService
2026-09-02 23:59:25,465 - DEBUG - ai_service.py - 148 - Creating Google GenAI client
2026-09-02 23:59:25,465 - DEBUG - ai_service.py - 163 - Fetching Gemini API key
2026-09-02 23:59:43,076 - DEBUG - idea_service.py - 23 - Initializing IdeaService
2026-09-02 23:59:43,077 - DEBUG - ai_service.py - 31 - Initializing AIService
2026-09-02 23:59:43,077 - DEBUG - ai_service.py - 148 - Creating Google GenAI client
2026-09-02 23:59:43,077 - DEBUG - ai_service.py - 163 - Fetching Gemini API key
2026-09-02 23:59:46,723 - DEBUG - idea_service.py - 23 - Initializing IdeaService
2026-09-02 23:59:46,723 - DEBUG - ai_service.py - 31 - Initializing AIService
2026-09-02 23:59:46,723 - DEBUG - ai_service.py - 148 - Creating Google GenAI client
2026-09-02 23:59:46,724 - DEBUG - ai_service.py - 163 - Fetching Gemini API key
2026-09-03 00:00:10,976 - DEBUG - idea_service.py - 23 - Initializing IdeaService
2026-09-03 00:00:10,976 - DEBUG - ai_service.py - 31 - Initializing AIService
2026-09-03 00:00:10,976 - DEBUG - ai_service.py - 148 - Creating Google GenAI client
2026-09-03 00:00:10,976 - DEBUG - ai_service.py - 163 - Fetching Gemini API key
2026-09-03 00:00:13,407 - DEBUG - idea_service.py - 23 - Initializing IdeaService
2026-09-03 00:00:13,408 - DEBUG - ai_service.py - 31 - Initializing AIService
2026-09-03 00:00:13,408 - DEBUG - ai_service.py - 148 - Creating Google GenAI client
2026-09-03 00:00:13,408 - DEBUG - ai_service.py - 163 - Fetching Gemini API key
2026-09-03 00:00:29,918 - DEBUG - idea_service.py - 23 - Initializing IdeaService
2026-09-03 00:00:29,918 - DEBUG - ai_service.py - 31 - Initializing AIService
2026-09-03 00:00:29,918 - DEBUG - ai_service.py - 148 - Creating Google GenAI client
2026-09-03 00:00:29,918 - DEBUG - ai_service.py - 163 - Fetching Gemini API key
2026-09-03 00:00:40,831 - DEBUG - idea_service.py - 23 - Initializing IdeaService
2026-09-03 00:00:40,831 - DEBUG - ai_service.py - 31 - Initializing AIService
2026-09-03 00:00:40,831 - DEBUG - ai_service.py - 148 - Creating Google GenAI client
2026-09-03 00:00:40,831 - DEBUG - ai_service.py - 163 - Fetching Gemini API key
2026-09-03 00:00:50,284 - DEBUG - idea_service.py - 23 - Initializing IdeaService
2026-09-03 00:00:50,284 - DEBUG - ai_service.py - 31 - Initializing AIService
2026-09-03 00:00:50,284 - DEBUG - ai_service.py - 148 - Creating Google GenAI client
2026-09-03 00:00:50,284 - DEBUG - ai_service.py - 163 - Fetching Gemini API key
2026-09-03 00:00:52,417 - DEBUG - idea_service.py - 23 - Initializing IdeaService
2026-09-03 00:00:52,417 - DEBUG - ai_service.py - 31 - Initializing AIService
2026-09-03 00:00:52,417 - DEBUG - ai_service.py - 148 - Creating Google GenAI client
2026-09-03 00:00:52,417 - DEBUG - ai_service.py - 163 - Fetching Gemini API key
2026-09-03 00:00:53,881 - DEBUG - idea_service.py - 23 - Initializing IdeaService
2026-09-03 00:00:53,881 - DEBUG - ai_service.py - 31 - Initializing AIService
2026-09-03 00:00:53,881 - DEBUG - ai_service.py - 148 - Creating Google GenAI client
2026-09-03 00:00:53,881 - DEBUG - ai_service.py - 163 - Fetching Gemini API key
2026-09-03 00:00:58,858 - DEBUG - idea_service.py - 23 - Initializing IdeaService
2026-09-03 00:00:58,858 - DEBUG - ai_service.py - 31 - Initializing AIService
2026-09-03 00:00:58,858 - DEBUG - ai_service.py - 148 - Creating Google GenAI client
2026-09-03 00:00:58,858 - DEBUG - ai_service.py - 163 - Fetching Gemini API key
2026-09-03 00:01:10,511 - DEBUG - idea_service.py - 23 - Initializing IdeaService
2026-09-03 00:01:10,511 - DEBUG - ai_service.py - 31 - Initializing AIService
2026-09-03 00:01:10,511 - DEBUG - ai_service.py - 148 - Creating Google GenAI client
2026-09-03 00:01:10,511 - DEBUG - ai_service.py - 163 - Fetching Gemini API key
2026-09-03 00:01:18,865 - DEBUG - idea_service.py - 23 - Initializing IdeaService
2026-09-03 00:01:18,865 - DEBUG - ai_service.py - 31 - Initializing AIService
2026-09-03 00:01:18,865 - DEBUG - ai_service.py - 148 - Creating Google GenAI client
2026-09-03 00:01:18,865 - DEBUG - ai_service.py - 163 - Fetching Gemini API key
2026-09-03 00:01:24,091 - DEBUG - idea_service.py - 23 - Initializing IdeaService
2026-09-03 00:01:24,091 - DEBUG - ai_service.py - 31 - Initializing AIService
2026-09-03 00:01:24,091 - DEBUG - ai_service.py - 148 - Creating Google GenAI client
2026-09-03 00:01:24,091 - DEBUG - ai_service.py - 163 - Fetching Gemini API key
2026-09-03 00:01:33,716 - DEBUG - idea_service.py - 23 - Initializing IdeaService
2026-09-03 00:01:33,716 - DEBUG - ai_service.py - 31 - Initializing AIService
2026-09-03 00:01:33,716 - DEBUG - ai_service.py - 148 - Creating Google GenAI client
2026-09-03 00:01:33,716 - DEBUG - ai_service.py - 163 - Fetching Gemini API key
2026-09-03 00:02:05,214 - DEBUG - idea_service.py - 23 - Initializing IdeaService
2026-09-03 00:02:05,214 - DEBUG - ai_service.py - 31 - Initializing AIService
2026-09-03 00:02:05,214 - DEBUG - ai_service.py - 148 - Creating Google GenAI client
2026-09-03 00:02:05,214 - DEBUG - ai_service.py - 163 - Fetching Gemini API key
2026-09-03 00:02:08,215 - DEBUG - idea_service.py - 23 - Initializing IdeaService
2026-09-03 00:02:08,215 - DEBUG - ai_service.py - 31 - Initializing AIService
2026-09-03 00:02:08,215 - DEBUG - ai_service.py - 148 - Creating Google GenAI client
2026-09-03 00:02:08,215 - DEBUG - ai_service.py - 163 - Fetching Gemini API key
2026-09-03 00:02:40,109 - DEBUG - idea_service.py - 23 - Initializing IdeaService
2026-09-03 00:02:40,109 - DEBUG - ai_service.py - 31 - Initializing AIService
2026-09-03 00:02:40,109 - DEBUG - ai_service.py - 148 - Creating Google GenAI client
2026-09-03 00:02:40,109 - DEBUG - ai_service.py - 163 - Fetching Gemini API key
2026-09-03 00:03:08,113 - DEBUG - idea_service.py - 23 - Initializing IdeaService
2026-09-03 00:03:08,113 - DEBUG - ai_service.py - 31 - Initializing AIService
2026-09-03 00:03:08,113 - DEBUG - ai_service.py - 148 - Creating Google GenAI client
2026-09-03 00:03:08,113 - DEBUG - ai_service.py - 163 - Fetching Gemini API key
2026-09-03 00:03:14,788 - DEBUG - idea_service.py - 23 - Initializing IdeaService
2026-09-03 00:03:14,788 - DEBUG - ai_service.py - 31 - Initializing AIService
2026-09-03 00:03:14,788 - DEBUG - ai_service.py - 148 - Creating Google GenAI client
2026-09-03 00:03:14,788 - DEBUG - ai_service.py - 163 - Fetching Gemini API key
2026-09-03 00:03:25,160 - DEBUG - idea_service.py - 23 - Initializing IdeaService
2026-09-03 00:03:25,160 - DEBUG - ai_service.py - 31 - Initializing AIService
2026-09-03 00:03:25,160 - DEBUG - ai_service.py - 148 - Creating Google GenAI client
2026-09-03 00:03:25,160 - DEBUG - ai_service.py - 163 - Fetching Gemini API key
2026-09-03 00:03:26,639 - DEBUG - idea_service.py - 23 - Initializing IdeaService
2026-09-03 00:03:26,639 - DEBUG - ai_service.py - 31 - Initializing AIService
2026-09-03 00:03:26,639 - DEBUG - ai_service.py - 148 - Creating Google GenAI client
2026-09-03 00:03:26,639 - DEBUG - ai_service.py - 163 - Fetching Gemini API key
2026-09-03 00:03:29,440 - DEBUG - idea_service.py - 23 - Initializing IdeaService
2026-09-03 00:03:29,440 - DEBUG - ai_service.py - 31 - Initializing AIService
2026-09-03 00:03:29,440 - DEBUG - ai_service.py - 148 - Creating Google GenAI client
2026-09-03 00:03:29,440 - DEBUG - ai_service.py - 163 - Fetching Gemini API key
2026-09-03 00:03:34,657 - DEBUG - idea_service.py - 23 - Initializing IdeaService
2026-09-03 00:03:34,657 - DEBUG - ai_service.py - 31 - Initializing AIService
2026-09-03 00:03:34,657 - DEBUG - ai_service.py - 148 - Creating Google GenAI client
2026-09-03 00:03:34,657 - DEBUG - ai_service.py - 163 - Fetching Gemini API key
2026-09-03 00:03:43,464 - DEBUG - idea_service.py - 23 - Initializing IdeaService
2026-09-03 00:03:43,464 - DEBUG - ai_service.py - 31 - Initializing AIService
2026-09-03 00:03:43,464 - DEBUG - ai_service.py - 148 - Creating Google GenAI client
2026-09-03 00:03:43,464 - DEBUG - ai_service.py - 163 - Fetching Gemini API key
2026-09-03 00:03:46,321 - DEBUG - idea_service.py - 23 - Initializing IdeaService
2026-09-03 00:03:46,322 - DEBUG - ai_service.py - 31 - Initializing AIService
2026-09-03 00:03:46,322 - DEBUG - ai_service.py - 148 - Creating Google GenAI client
2026-09-03 00:03:46,322 - DEBUG - ai_service.py - 163 - Fetching Gemini API key
2026-09-03 00:03:53,118 - DEBUG - idea_service.py - 23 - Initializing IdeaService
2026-09-03 00:03:53,118 - DEBUG - ai_service.py - 31 - Initializing AIService
2026-09-03 00:03:53,118 - DEBUG - ai_service.py - 148 - Creating Google GenAI client
2026-09-03 00:03:53,118 - DEBUG - ai_service.py - 163 - Fetching Gemini API key
2026-09-03 00:04:16,048 - INFO - create.py - 243 - Create idea button clicked.
2026-09-03 00:04:16,049 - WARNING - create.py - 250 - Form submission rejected: description field is empty.
2026-09-03 00:04:22,564 - INFO - create.py - 243 - Create idea button clicked.
2026-09-03 00:04:22,564 - DEBUG - create.py - 184 - Idea payload built | manual_5w2h=False | generate_analysis=False | show_report=False | ai_title=True
2026-09-03 00:04:22,573 - INFO - create_idea_controller.py - 26 - Create idea request received
2026-09-03 00:04:22,573 - INFO - idea_service.py - 42 - Starting idea creation
2026-09-03 00:04:22,574 - DEBUG - idea_service.py - 45 - Validating idea payload
2026-09-03 00:04:22,574 - ERROR - create.py - 223 - Failed to submit idea
Traceback (most recent call last):
  File "C:\Users\ester\OneDrive\Documentos\Code\olivia-ideas\frontend\pages\create.py", line 211, in submit
    response = (create_idea_controller.create_idea(payload))
  File "C:\Users\ester\OneDrive\Documentos\Code\olivia-ideas\backend\controllers\create_idea_controller.py", line 28, in create_idea
    result = self.idea_service.create_idea(payload)
  File "C:\Users\ester\OneDrive\Documentos\Code\olivia-ideas\backend\services\idea_service.py", line 47, in create_idea
    payload = self.validation_service.validate_payload(payload)
  File "C:\Users\ester\OneDrive\Documentos\Code\olivia-ideas\backend\services\validation_service.py", line 46, in validate_payload
    self._validate_options(payload["options"])
    ~~~~~~~~~~~~~~~~~~~~~~^^^^^^^^^^^^^^^^^^^^
  File "C:\Users\ester\OneDrive\Documentos\Code\olivia-ideas\backend\services\validation_service.py", line 74, in _validate_options
    raise ValidationError("The 'use_ai' field is missing.")
backend.services.validation_service.ValidationError: The 'use_ai' field is missing.
2026-09-03 22:07:35,945 - DEBUG - ai_response_parser.py - 167 - Building the markdown
2026-09-03 22:07:35,972 - DEBUG - idea_service.py - 27 - Initializing IdeaService
2026-09-03 22:07:35,972 - DEBUG - ai_service.py - 30 - Initializing AIService
2026-09-03 22:07:35,972 - DEBUG - ai_service.py - 145 - Creating Google GenAI client
2026-09-03 22:07:35,972 - DEBUG - ai_service.py - 159 - Fetching Gemini API key
2026-09-03 22:08:50,786 - INFO - create.py - 229 - Create idea button clicked.
2026-09-03 22:08:50,786 - DEBUG - create.py - 170 - Idea payload built | manual_5w2h=True | generate_analysis=False | show_report=False | ai_title=False
2026-09-03 22:08:50,797 - INFO - create_idea_controller.py - 26 - Create idea request received
2026-09-03 22:08:50,797 - INFO - idea_service.py - 44 - Starting idea creation
2026-09-03 22:08:50,797 - DEBUG - idea_service.py - 50 - Validating idea payload
2026-09-03 22:08:50,797 - DEBUG - validation_service.py - 43 - Validating payload structure and data types
2026-09-03 22:08:50,797 - ERROR - create.py - 209 - Failed to submit idea
Traceback (most recent call last):
  File "C:\Users\ester\OneDrive\Documentos\Code\olivia-ideas\frontend\pages\create.py", line 197, in submit
    response = (create_idea_controller.create_idea(payload))
  File "C:\Users\ester\OneDrive\Documentos\Code\olivia-ideas\backend\controllers\create_idea_controller.py", line 28, in create_idea
    result = self.idea_service.create_idea(payload)
  File "C:\Users\ester\OneDrive\Documentos\Code\olivia-ideas\backend\services\idea_service.py", line 52, in create_idea
    payload = self.validation_service.validate_payload(payload)
  File "C:\Users\ester\OneDrive\Documentos\Code\olivia-ideas\backend\services\validation_service.py", line 60, in validate_payload
    self._validate_idea(payload["idea"])
    ~~~~~~~~~~~~~~~~~~~^^^^^^^^^^^^^^^^^
  File "C:\Users\ester\OneDrive\Documentos\Code\olivia-ideas\backend\services\validation_service.py", line 86, in _validate_idea
    self._validate_title(idea["title"])
    ~~~~~~~~~~~~~~~~~~~~^^^^^^^^^^^^^^^
TypeError: ValidationService._validate_title() missing 1 required positional argument: 'ai_options'
2026-09-03 22:10:21,620 - DEBUG - ai_response_parser.py - 167 - Building the markdown
2026-09-03 22:10:21,626 - DEBUG - idea_service.py - 27 - Initializing IdeaService
2026-09-03 22:10:21,626 - DEBUG - ai_service.py - 30 - Initializing AIService
2026-09-03 22:10:21,626 - DEBUG - ai_service.py - 145 - Creating Google GenAI client
2026-09-03 22:10:21,626 - DEBUG - ai_service.py - 159 - Fetching Gemini API key
2026-09-03 22:10:25,854 - DEBUG - ai_response_parser.py - 167 - Building the markdown
2026-09-03 22:10:25,859 - DEBUG - idea_service.py - 27 - Initializing IdeaService
2026-09-03 22:10:25,860 - DEBUG - ai_service.py - 30 - Initializing AIService
2026-09-03 22:10:25,860 - DEBUG - ai_service.py - 145 - Creating Google GenAI client
2026-09-03 22:10:25,860 - DEBUG - ai_service.py - 159 - Fetching Gemini API key
2026-09-03 22:10:30,626 - DEBUG - ai_response_parser.py - 167 - Building the markdown
2026-09-03 22:10:30,631 - DEBUG - idea_service.py - 27 - Initializing IdeaService
2026-09-03 22:10:30,632 - DEBUG - ai_service.py - 30 - Initializing AIService
2026-09-03 22:10:30,632 - DEBUG - ai_service.py - 145 - Creating Google GenAI client
2026-09-03 22:10:30,632 - DEBUG - ai_service.py - 159 - Fetching Gemini API key
2026-09-03 22:15:27,479 - INFO - create.py - 229 - Create idea button clicked.
2026-09-03 22:15:27,479 - DEBUG - create.py - 170 - Idea payload built | manual_5w2h=True | generate_analysis=False | show_report=False | ai_title=False
2026-09-03 22:15:27,480 - INFO - create.py - 190 - Submitting payload to controller | generate_analysis:False | show_report:False | title: False
2026-09-03 22:15:27,480 - INFO - create_idea_controller.py - 26 - Create idea request received
2026-09-03 22:15:27,480 - INFO - idea_service.py - 44 - Starting idea creation
2026-09-03 22:15:27,481 - DEBUG - idea_service.py - 50 - Validating idea payload
2026-09-03 22:15:27,481 - DEBUG - validation_service.py - 43 - Validating payload structure and data types
2026-09-03 22:15:27,481 - ERROR - create.py - 209 - Failed to submit idea
Traceback (most recent call last):
  File "C:\Users\ester\OneDrive\Documentos\Code\olivia-ideas\frontend\pages\create.py", line 197, in submit
    response = (create_idea_controller.create_idea(payload))
  File "C:\Users\ester\OneDrive\Documentos\Code\olivia-ideas\backend\controllers\create_idea_controller.py", line 28, in create_idea
    result = self.idea_service.create_idea(payload)
  File "C:\Users\ester\OneDrive\Documentos\Code\olivia-ideas\backend\services\idea_service.py", line 52, in create_idea
    payload = self.validation_service.validate_payload(payload)
  File "C:\Users\ester\OneDrive\Documentos\Code\olivia-ideas\backend\services\validation_service.py", line 60, in validate_payload
    self._validate_idea(payload["idea"])
    ~~~~~~~~~~~~~~~~~~~^^^^^^^^^^^^^^^^^
  File "C:\Users\ester\OneDrive\Documentos\Code\olivia-ideas\backend\services\validation_service.py", line 86, in _validate_idea
    self._validate_title(idea["title"])
    ~~~~~~~~~~~~~~~~~~~~^^^^^^^^^^^^^^^
TypeError: ValidationService._validate_title() missing 1 required positional argument: 'ai_options'
2026-09-03 22:15:55,729 - DEBUG - ai_response_parser.py - 167 - Building the markdown
2026-09-03 22:15:55,734 - DEBUG - idea_service.py - 27 - Initializing IdeaService
2026-09-03 22:15:55,734 - DEBUG - ai_service.py - 30 - Initializing AIService
2026-09-03 22:15:55,734 - DEBUG - ai_service.py - 145 - Creating Google GenAI client
2026-09-03 22:15:55,734 - DEBUG - ai_service.py - 159 - Fetching Gemini API key
2026-09-03 22:15:55,829 - DEBUG - ai_response_parser.py - 167 - Building the markdown
2026-09-03 22:15:55,835 - DEBUG - idea_service.py - 27 - Initializing IdeaService
2026-09-03 22:15:55,835 - DEBUG - ai_service.py - 30 - Initializing AIService
2026-09-03 22:15:55,836 - DEBUG - ai_service.py - 145 - Creating Google GenAI client
2026-09-03 22:15:55,836 - DEBUG - ai_service.py - 159 - Fetching Gemini API key
2026-09-03 22:15:55,944 - DEBUG - ai_response_parser.py - 167 - Building the markdown
2026-09-03 22:15:55,950 - DEBUG - idea_service.py - 27 - Initializing IdeaService
2026-09-03 22:15:55,950 - DEBUG - ai_service.py - 30 - Initializing AIService
2026-09-03 22:15:55,950 - DEBUG - ai_service.py - 145 - Creating Google GenAI client
2026-09-03 22:15:55,950 - DEBUG - ai_service.py - 159 - Fetching Gemini API key
2026-09-03 22:15:56,050 - DEBUG - ai_response_parser.py - 167 - Building the markdown
2026-09-03 22:15:56,055 - DEBUG - idea_service.py - 27 - Initializing IdeaService
2026-09-03 22:15:56,055 - DEBUG - ai_service.py - 30 - Initializing AIService
2026-09-03 22:15:56,056 - DEBUG - ai_service.py - 145 - Creating Google GenAI client
2026-09-03 22:15:56,056 - DEBUG - ai_service.py - 159 - Fetching Gemini API key
2026-09-03 22:15:56,162 - DEBUG - ai_response_parser.py - 167 - Building the markdown
2026-09-03 22:15:56,167 - DEBUG - idea_service.py - 27 - Initializing IdeaService
2026-09-03 22:15:56,167 - DEBUG - ai_service.py - 30 - Initializing AIService
2026-09-03 22:15:56,167 - DEBUG - ai_service.py - 145 - Creating Google GenAI client
2026-09-03 22:15:56,168 - DEBUG - ai_service.py - 159 - Fetching Gemini API key
2026-09-03 22:15:56,266 - DEBUG - ai_response_parser.py - 167 - Building the markdown
2026-09-03 22:15:56,272 - DEBUG - idea_service.py - 27 - Initializing IdeaService
2026-09-03 22:15:56,272 - DEBUG - ai_service.py - 30 - Initializing AIService
2026-09-03 22:15:56,272 - DEBUG - ai_service.py - 145 - Creating Google GenAI client
2026-09-03 22:15:56,272 - DEBUG - ai_service.py - 159 - Fetching Gemini API key
2026-09-03 22:15:56,382 - DEBUG - ai_response_parser.py - 167 - Building the markdown
2026-09-03 22:15:56,387 - DEBUG - idea_service.py - 27 - Initializing IdeaService
2026-09-03 22:15:56,387 - DEBUG - ai_service.py - 30 - Initializing AIService
2026-09-03 22:15:56,387 - DEBUG - ai_service.py - 145 - Creating Google GenAI client
2026-09-03 22:15:56,387 - DEBUG - ai_service.py - 159 - Fetching Gemini API key
2026-09-03 22:15:56,484 - DEBUG - ai_response_parser.py - 167 - Building the markdown
2026-09-03 22:15:56,488 - DEBUG - idea_service.py - 27 - Initializing IdeaService
2026-09-03 22:15:56,488 - DEBUG - ai_service.py - 30 - Initializing AIService
2026-09-03 22:15:56,488 - DEBUG - ai_service.py - 145 - Creating Google GenAI client
2026-09-03 22:15:56,488 - DEBUG - ai_service.py - 159 - Fetching Gemini API key
2026-09-03 22:15:56,598 - DEBUG - ai_response_parser.py - 167 - Building the markdown
2026-09-03 22:15:56,603 - DEBUG - idea_service.py - 27 - Initializing IdeaService
2026-09-03 22:15:56,603 - DEBUG - ai_service.py - 30 - Initializing AIService
2026-09-03 22:15:56,603 - DEBUG - ai_service.py - 145 - Creating Google GenAI client
2026-09-03 22:15:56,603 - DEBUG - ai_service.py - 159 - Fetching Gemini API key
2026-09-03 22:15:56,708 - DEBUG - ai_response_parser.py - 167 - Building the markdown
2026-09-03 22:15:56,714 - DEBUG - idea_service.py - 27 - Initializing IdeaService
2026-09-03 22:15:56,714 - DEBUG - ai_service.py - 30 - Initializing AIService
2026-09-03 22:15:56,714 - DEBUG - ai_service.py - 145 - Creating Google GenAI client
2026-09-03 22:15:56,714 - DEBUG - ai_service.py - 159 - Fetching Gemini API key
2026-09-03 22:15:56,828 - DEBUG - ai_response_parser.py - 167 - Building the markdown
2026-09-03 22:15:56,833 - DEBUG - idea_service.py - 27 - Initializing IdeaService
2026-09-03 22:15:56,833 - DEBUG - ai_service.py - 30 - Initializing AIService
2026-09-03 22:15:56,833 - DEBUG - ai_service.py - 145 - Creating Google GenAI client
2026-09-03 22:15:56,833 - DEBUG - ai_service.py - 159 - Fetching Gemini API key
2026-09-03 22:15:56,955 - DEBUG - ai_response_parser.py - 167 - Building the markdown
2026-09-03 22:15:56,962 - DEBUG - idea_service.py - 27 - Initializing IdeaService
2026-09-03 22:15:56,962 - DEBUG - ai_service.py - 30 - Initializing AIService
2026-09-03 22:15:56,962 - DEBUG - ai_service.py - 145 - Creating Google GenAI client
2026-09-03 22:15:56,962 - DEBUG - ai_service.py - 159 - Fetching Gemini API key
2026-09-03 22:15:57,381 - DEBUG - ai_response_parser.py - 167 - Building the markdown
2026-09-03 22:15:57,387 - DEBUG - idea_service.py - 27 - Initializing IdeaService
2026-09-03 22:15:57,387 - DEBUG - ai_service.py - 30 - Initializing AIService
2026-09-03 22:15:57,387 - DEBUG - ai_service.py - 145 - Creating Google GenAI client
2026-09-03 22:15:57,387 - DEBUG - ai_service.py - 159 - Fetching Gemini API key
2026-09-03 22:15:57,503 - DEBUG - ai_response_parser.py - 167 - Building the markdown
2026-09-03 22:15:57,510 - DEBUG - idea_service.py - 27 - Initializing IdeaService
2026-09-03 22:15:57,510 - DEBUG - ai_service.py - 30 - Initializing AIService
2026-09-03 22:15:57,510 - DEBUG - ai_service.py - 145 - Creating Google GenAI client
2026-09-03 22:15:57,510 - DEBUG - ai_service.py - 159 - Fetching Gemini API key
2026-09-03 22:16:06,413 - INFO - create.py - 229 - Create idea button clicked.
2026-09-03 22:16:06,414 - DEBUG - create.py - 170 - Idea payload built | manual_5w2h=True | generate_analysis=False | show_report=False | ai_title=False
2026-09-03 22:16:06,414 - INFO - create.py - 190 - Submitting payload to controller | generate_analysis:False | show_report:False | title: False
2026-09-03 22:16:06,414 - INFO - create_idea_controller.py - 26 - Create idea request received
2026-09-03 22:16:06,414 - INFO - idea_service.py - 44 - Starting idea creation
2026-09-03 22:16:06,415 - DEBUG - idea_service.py - 50 - Validating idea payload
2026-09-03 22:16:06,415 - DEBUG - validation_service.py - 43 - Validating payload structure and data types
2026-09-03 22:16:06,415 - ERROR - create.py - 209 - Failed to submit idea
Traceback (most recent call last):
  File "C:\Users\ester\OneDrive\Documentos\Code\olivia-ideas\frontend\pages\create.py", line 197, in submit
    response = (create_idea_controller.create_idea(payload))
  File "C:\Users\ester\OneDrive\Documentos\Code\olivia-ideas\backend\controllers\create_idea_controller.py", line 28, in create_idea
    result = self.idea_service.create_idea(payload)
  File "C:\Users\ester\OneDrive\Documentos\Code\olivia-ideas\backend\services\idea_service.py", line 52, in create_idea
    payload = self.validation_service.validate_payload(payload)
  File "C:\Users\ester\OneDrive\Documentos\Code\olivia-ideas\backend\services\validation_service.py", line 60, in validate_payload
    self._validate_idea(payload["idea"])
    ~~~~~~~~~~~~~~~~~~~^^^^^^^^^^^^^^^^^
  File "C:\Users\ester\OneDrive\Documentos\Code\olivia-ideas\backend\services\validation_service.py", line 86, in _validate_idea
    self._validate_title(idea["title"])
    ~~~~~~~~~~~~~~~~~~~~^^^^^^^^^^^^^^^
TypeError: ValidationService._validate_title() missing 1 required positional argument: 'ai_options'
2026-09-04 12:32:19,014 - DEBUG - ai_response_parser.py - 167 - Building the markdown
2026-09-04 12:32:19,029 - DEBUG - idea_service.py - 27 - Initializing IdeaService
2026-09-04 12:32:19,030 - DEBUG - ai_service.py - 30 - Initializing AIService
2026-09-04 12:32:19,030 - DEBUG - ai_service.py - 145 - Creating Google GenAI client
2026-09-04 12:32:19,030 - DEBUG - ai_service.py - 159 - Fetching Gemini API key
2026-09-04 12:32:53,238 - DEBUG - ai_response_parser.py - 167 - Building the markdown
2026-09-04 12:32:53,246 - DEBUG - idea_service.py - 27 - Initializing IdeaService
2026-09-04 12:32:53,246 - DEBUG - ai_service.py - 30 - Initializing AIService
2026-09-04 12:32:53,246 - DEBUG - ai_service.py - 145 - Creating Google GenAI client
2026-09-04 12:32:53,246 - DEBUG - ai_service.py - 159 - Fetching Gemini API key
2026-09-04 12:34:15,149 - INFO - create.py - 229 - Create idea button clicked.
2026-09-04 12:34:15,150 - DEBUG - create.py - 170 - Idea payload built | manual_5w2h=True | generate_analysis=False | show_report=False | ai_title=False
2026-09-04 12:34:15,150 - INFO - create.py - 190 - Submitting payload to controller | generate_analysis:False | show_report:False | title: False
2026-09-04 12:34:15,150 - INFO - create_idea_controller.py - 26 - Create idea request received
2026-09-04 12:34:15,150 - INFO - idea_service.py - 44 - Starting idea creation
2026-09-04 12:34:15,151 - DEBUG - idea_service.py - 50 - Validating idea payload
2026-09-04 12:34:15,151 - DEBUG - validation_service.py - 43 - Validating payload structure and data types
2026-09-04 12:34:15,151 - ERROR - create.py - 209 - Failed to submit idea
Traceback (most recent call last):
  File "C:\Users\ester\OneDrive\Documentos\Code\olivia-ideas\frontend\pages\create.py", line 197, in submit
    response = (create_idea_controller.create_idea(payload))
  File "C:\Users\ester\OneDrive\Documentos\Code\olivia-ideas\backend\controllers\create_idea_controller.py", line 28, in create_idea
    result = self.idea_service.create_idea(payload)
  File "C:\Users\ester\OneDrive\Documentos\Code\olivia-ideas\backend\services\idea_service.py", line 52, in create_idea
    payload = self.validation_service.validate_payload(payload)
  File "C:\Users\ester\OneDrive\Documentos\Code\olivia-ideas\backend\services\validation_service.py", line 60, in validate_payload
    self._validate_idea(payload["idea"])
    ~~~~~~~~~~~~~~~~~~~^^^^^^^^^^^^^^^^^
  File "C:\Users\ester\OneDrive\Documentos\Code\olivia-ideas\backend\services\validation_service.py", line 86, in _validate_idea
    self._validate_title(idea["title"])
    ~~~~~~~~~~~~~~~~~~~~^^^^^^^^^^^^^^^
TypeError: ValidationService._validate_title() missing 1 required positional argument: 'ai_options'
2026-09-04 13:19:09,124 - INFO - create.py - 229 - Create idea button clicked.
2026-09-04 13:19:09,125 - DEBUG - create.py - 170 - Idea payload built | manual_5w2h=False | generate_analysis=True | show_report=True | ai_title=False
2026-09-04 13:19:09,126 - INFO - create.py - 190 - Submitting payload to controller | generate_analysis:True | show_report:True | title: False
2026-09-04 13:19:09,126 - INFO - create_idea_controller.py - 26 - Create idea request received
2026-09-04 13:19:09,127 - INFO - idea_service.py - 44 - Starting idea creation
2026-09-04 13:19:09,127 - DEBUG - idea_service.py - 50 - Validating idea payload
2026-09-04 13:19:09,127 - DEBUG - validation_service.py - 43 - Validating payload structure and data types
2026-09-04 13:19:09,128 - ERROR - create.py - 209 - Failed to submit idea
Traceback (most recent call last):
  File "C:\Users\ester\OneDrive\Documentos\Code\olivia-ideas\frontend\pages\create.py", line 197, in submit
    response = (create_idea_controller.create_idea(payload))
  File "C:\Users\ester\OneDrive\Documentos\Code\olivia-ideas\backend\controllers\create_idea_controller.py", line 28, in create_idea
    result = self.idea_service.create_idea(payload)
  File "C:\Users\ester\OneDrive\Documentos\Code\olivia-ideas\backend\services\idea_service.py", line 52, in create_idea
    payload = self.validation_service.validate_payload(payload)
  File "C:\Users\ester\OneDrive\Documentos\Code\olivia-ideas\backend\services\validation_service.py", line 60, in validate_payload
    self._validate_idea(payload["idea"])
    ~~~~~~~~~~~~~~~~~~~^^^^^^^^^^^^^^^^^
  File "C:\Users\ester\OneDrive\Documentos\Code\olivia-ideas\backend\services\validation_service.py", line 86, in _validate_idea
    self._validate_title(idea["title"])
    ~~~~~~~~~~~~~~~~~~~~^^^^^^^^^^^^^^^
TypeError: ValidationService._validate_title() missing 1 required positional argument: 'ai_options'
2026-09-04 13:19:31,226 - INFO - create.py - 229 - Create idea button clicked.
2026-09-04 13:19:31,228 - DEBUG - create.py - 170 - Idea payload built | manual_5w2h=False | generate_analysis=True | show_report=True | ai_title=True
2026-09-04 13:19:31,228 - INFO - create.py - 190 - Submitting payload to controller | generate_analysis:True | show_report:True | title: True
2026-09-04 13:19:31,229 - INFO - create_idea_controller.py - 26 - Create idea request received
2026-09-04 13:19:31,229 - INFO - idea_service.py - 44 - Starting idea creation
2026-09-04 13:19:31,230 - DEBUG - idea_service.py - 50 - Validating idea payload
2026-09-04 13:19:31,230 - DEBUG - validation_service.py - 43 - Validating payload structure and data types
2026-09-04 13:19:31,230 - ERROR - create.py - 209 - Failed to submit idea
Traceback (most recent call last):
  File "C:\Users\ester\OneDrive\Documentos\Code\olivia-ideas\frontend\pages\create.py", line 197, in submit
    response = (create_idea_controller.create_idea(payload))
  File "C:\Users\ester\OneDrive\Documentos\Code\olivia-ideas\backend\controllers\create_idea_controller.py", line 28, in create_idea
    result = self.idea_service.create_idea(payload)
  File "C:\Users\ester\OneDrive\Documentos\Code\olivia-ideas\backend\services\idea_service.py", line 52, in create_idea
    payload = self.validation_service.validate_payload(payload)
  File "C:\Users\ester\OneDrive\Documentos\Code\olivia-ideas\backend\services\validation_service.py", line 60, in validate_payload
    self._validate_idea(payload["idea"])
    ~~~~~~~~~~~~~~~~~~~^^^^^^^^^^^^^^^^^
  File "C:\Users\ester\OneDrive\Documentos\Code\olivia-ideas\backend\services\validation_service.py", line 86, in _validate_idea
    self._validate_title(idea["title"])
    ~~~~~~~~~~~~~~~~~~~~^^^^^^^^^^^^^^^
TypeError: ValidationService._validate_title() missing 1 required positional argument: 'ai_options'
2026-09-04 13:48:34,099 - DEBUG - ai_response_parser.py - 167 - Building the markdown
2026-09-04 13:48:34,131 - DEBUG - idea_service.py - 27 - Initializing IdeaService
2026-09-04 13:48:34,131 - DEBUG - ai_service.py - 30 - Initializing AIService
2026-09-04 13:48:34,131 - DEBUG - ai_service.py - 145 - Creating Google GenAI client
2026-09-04 13:48:34,131 - DEBUG - ai_service.py - 159 - Fetching Gemini API key
2026-09-04 13:49:30,881 - INFO - create.py - 229 - Create idea button clicked.
2026-09-04 13:49:30,883 - DEBUG - create.py - 170 - Idea payload built | manual_5w2h=True | generate_analysis=False | show_report=False | ai_title=True
2026-09-04 13:49:30,884 - INFO - create.py - 190 - Submitting payload to controller | generate_analysis:False | show_report:False | title: True
2026-09-04 13:49:30,884 - INFO - create_idea_controller.py - 26 - Create idea request received
2026-09-04 13:49:30,885 - INFO - idea_service.py - 44 - Starting idea creation
2026-09-04 13:49:30,886 - DEBUG - idea_service.py - 50 - Validating idea payload
2026-09-04 13:49:30,886 - DEBUG - validation_service.py - 43 - Validating payload structure and data types
2026-09-04 13:49:30,886 - DEBUG - validation_service.py - 105 - Validating options
2026-09-04 13:49:30,886 - DEBUG - validation_service.py - 71 - Validating idea
2026-09-04 13:49:30,886 - DEBUG - idea_service.py - 56 - Payload structure and types validated successfully
2026-09-04 13:49:30,886 - DEBUG - idea_service.py - 180 - AI title task resolved | action=refine
2026-09-04 13:49:30,887 - INFO - idea_service.py - 67 - AI processing requested | tasks={'title': 'refine'}
2026-09-04 13:49:30,887 - INFO - ai_service.py - 51 - Processing single-pass AI tasks | tasks={'title': 'refine'}
2026-09-04 13:49:30,887 - ERROR - create.py - 209 - Failed to submit idea
Traceback (most recent call last):
  File "C:\Users\ester\OneDrive\Documentos\Code\olivia-ideas\frontend\pages\create.py", line 197, in submit
    response = (create_idea_controller.create_idea(payload))
  File "C:\Users\ester\OneDrive\Documentos\Code\olivia-ideas\backend\controllers\create_idea_controller.py", line 28, in create_idea
    result = self.idea_service.create_idea(payload)
  File "C:\Users\ester\OneDrive\Documentos\Code\olivia-ideas\backend\services\idea_service.py", line 72, in create_idea
    payload, analysis_data = self.ai_service.process(
                             ~~~~~~~~~~~~~~~~~~~~~~~^
        payload,
        ^^^^^^^^
        ai_tasks
        ^^^^^^^^
    )
    ^
  File "C:\Users\ester\OneDrive\Documentos\Code\olivia-ideas\backend\services\ai_service.py", line 54, in process
    prompt = self.prompt_service.build(payload)
TypeError: PromptService.build() missing 1 required positional argument: 'ai_tasks'
2026-09-04 13:49:31,071 - DEBUG - ai_response_parser.py - 167 - Building the markdown
2026-09-04 13:49:31,078 - DEBUG - idea_service.py - 27 - Initializing IdeaService
2026-09-04 13:49:31,079 - DEBUG - ai_service.py - 30 - Initializing AIService
2026-09-04 13:49:31,079 - DEBUG - ai_service.py - 145 - Creating Google GenAI client
2026-09-04 13:49:31,079 - DEBUG - ai_service.py - 159 - Fetching Gemini API key
2026-09-04 13:49:33,769 - INFO - create.py - 229 - Create idea button clicked.
2026-09-04 13:49:33,769 - DEBUG - create.py - 170 - Idea payload built | manual_5w2h=True | generate_analysis=False | show_report=False | ai_title=True
2026-09-04 13:49:33,769 - INFO - create.py - 190 - Submitting payload to controller | generate_analysis:False | show_report:False | title: True
2026-09-04 13:49:33,770 - INFO - create_idea_controller.py - 26 - Create idea request received
2026-09-04 13:49:33,770 - INFO - idea_service.py - 44 - Starting idea creation
2026-09-04 13:49:33,770 - DEBUG - idea_service.py - 50 - Validating idea payload
2026-09-04 13:49:33,770 - DEBUG - validation_service.py - 43 - Validating payload structure and data types
2026-09-04 13:49:33,770 - DEBUG - validation_service.py - 105 - Validating options
2026-09-04 13:49:33,770 - DEBUG - validation_service.py - 71 - Validating idea
2026-09-04 13:49:33,771 - DEBUG - idea_service.py - 56 - Payload structure and types validated successfully
2026-09-04 13:49:33,771 - DEBUG - idea_service.py - 180 - AI title task resolved | action=refine
2026-09-04 13:49:33,771 - INFO - idea_service.py - 67 - AI processing requested | tasks={'title': 'refine'}
2026-09-04 13:49:33,771 - INFO - ai_service.py - 51 - Processing single-pass AI tasks | tasks={'title': 'refine'}
2026-09-04 13:49:33,771 - ERROR - create.py - 209 - Failed to submit idea
Traceback (most recent call last):
  File "C:\Users\ester\OneDrive\Documentos\Code\olivia-ideas\frontend\pages\create.py", line 197, in submit
    response = (create_idea_controller.create_idea(payload))
  File "C:\Users\ester\OneDrive\Documentos\Code\olivia-ideas\backend\controllers\create_idea_controller.py", line 28, in create_idea
    result = self.idea_service.create_idea(payload)
  File "C:\Users\ester\OneDrive\Documentos\Code\olivia-ideas\backend\services\idea_service.py", line 72, in create_idea
    payload, analysis_data = self.ai_service.process(
                             ~~~~~~~~~~~~~~~~~~~~~~~^
        payload,
        ^^^^^^^^
        ai_tasks
        ^^^^^^^^
    )
    ^
  File "C:\Users\ester\OneDrive\Documentos\Code\olivia-ideas\backend\services\ai_service.py", line 54, in process
    prompt = self.prompt_service.build(payload)
TypeError: PromptService.build() missing 1 required positional argument: 'ai_tasks'
2026-09-04 13:49:35,946 - INFO - create.py - 229 - Create idea button clicked.
2026-09-04 13:49:35,947 - DEBUG - create.py - 170 - Idea payload built | manual_5w2h=True | generate_analysis=False | show_report=False | ai_title=True
2026-09-04 13:49:35,947 - INFO - create.py - 190 - Submitting payload to controller | generate_analysis:False | show_report:False | title: True
2026-09-04 13:49:35,947 - INFO - create_idea_controller.py - 26 - Create idea request received
2026-09-04 13:49:35,948 - INFO - idea_service.py - 44 - Starting idea creation
2026-09-04 13:49:35,948 - DEBUG - idea_service.py - 50 - Validating idea payload
2026-09-04 13:49:35,949 - DEBUG - validation_service.py - 43 - Validating payload structure and data types
2026-09-04 13:49:35,949 - DEBUG - validation_service.py - 105 - Validating options
2026-09-04 13:49:35,949 - DEBUG - validation_service.py - 71 - Validating idea
2026-09-04 13:49:35,950 - DEBUG - idea_service.py - 56 - Payload structure and types validated successfully
2026-09-04 13:49:35,951 - DEBUG - idea_service.py - 180 - AI title task resolved | action=refine
2026-09-04 13:49:35,951 - INFO - idea_service.py - 67 - AI processing requested | tasks={'title': 'refine'}
2026-09-04 13:49:35,952 - INFO - ai_service.py - 51 - Processing single-pass AI tasks | tasks={'title': 'refine'}
2026-09-04 13:49:35,953 - ERROR - create.py - 209 - Failed to submit idea
Traceback (most recent call last):
  File "C:\Users\ester\OneDrive\Documentos\Code\olivia-ideas\frontend\pages\create.py", line 197, in submit
    response = (create_idea_controller.create_idea(payload))
  File "C:\Users\ester\OneDrive\Documentos\Code\olivia-ideas\backend\controllers\create_idea_controller.py", line 28, in create_idea
    result = self.idea_service.create_idea(payload)
  File "C:\Users\ester\OneDrive\Documentos\Code\olivia-ideas\backend\services\idea_service.py", line 72, in create_idea
    payload, analysis_data = self.ai_service.process(
                             ~~~~~~~~~~~~~~~~~~~~~~~^
        payload,
        ^^^^^^^^
        ai_tasks
        ^^^^^^^^
    )
    ^
  File "C:\Users\ester\OneDrive\Documentos\Code\olivia-ideas\backend\services\ai_service.py", line 54, in process
    prompt = self.prompt_service.build(payload)
TypeError: PromptService.build() missing 1 required positional argument: 'ai_tasks'
2026-09-04 13:50:29,050 - DEBUG - ai_response_parser.py - 167 - Building the markdown
2026-09-04 13:50:29,058 - DEBUG - idea_service.py - 27 - Initializing IdeaService
2026-09-04 13:50:29,058 - DEBUG - ai_service.py - 30 - Initializing AIService
2026-09-04 13:50:29,058 - DEBUG - ai_service.py - 145 - Creating Google GenAI client
2026-09-04 13:50:29,058 - DEBUG - ai_service.py - 159 - Fetching Gemini API key
2026-09-04 13:50:29,763 - DEBUG - ai_response_parser.py - 167 - Building the markdown
2026-09-04 13:50:29,770 - DEBUG - idea_service.py - 27 - Initializing IdeaService
2026-09-04 13:50:29,770 - DEBUG - ai_service.py - 30 - Initializing AIService
2026-09-04 13:50:29,770 - DEBUG - ai_service.py - 145 - Creating Google GenAI client
2026-09-04 13:50:29,770 - DEBUG - ai_service.py - 159 - Fetching Gemini API key
2026-09-04 13:50:29,882 - DEBUG - ai_response_parser.py - 167 - Building the markdown
2026-09-04 13:50:29,888 - DEBUG - idea_service.py - 27 - Initializing IdeaService
2026-09-04 13:50:29,889 - DEBUG - ai_service.py - 30 - Initializing AIService
2026-09-04 13:50:29,889 - DEBUG - ai_service.py - 145 - Creating Google GenAI client
2026-09-04 13:50:29,889 - DEBUG - ai_service.py - 159 - Fetching Gemini API key
2026-09-04 13:50:30,003 - DEBUG - ai_response_parser.py - 167 - Building the markdown
2026-09-04 13:50:30,008 - DEBUG - idea_service.py - 27 - Initializing IdeaService
2026-09-04 13:50:30,009 - DEBUG - ai_service.py - 30 - Initializing AIService
2026-09-04 13:50:30,009 - DEBUG - ai_service.py - 145 - Creating Google GenAI client
2026-09-04 13:50:30,009 - DEBUG - ai_service.py - 159 - Fetching Gemini API key
2026-09-04 13:50:51,445 - DEBUG - ai_response_parser.py - 167 - Building the markdown
2026-09-04 13:50:51,452 - DEBUG - idea_service.py - 27 - Initializing IdeaService
2026-09-04 13:50:51,452 - DEBUG - ai_service.py - 30 - Initializing AIService
2026-09-04 13:50:51,452 - DEBUG - ai_service.py - 145 - Creating Google GenAI client
2026-09-04 13:50:51,452 - DEBUG - ai_service.py - 159 - Fetching Gemini API key
2026-09-04 13:51:17,079 - DEBUG - ai_response_parser.py - 167 - Building the markdown
2026-09-04 13:51:17,087 - DEBUG - idea_service.py - 27 - Initializing IdeaService
2026-09-04 13:51:17,087 - DEBUG - ai_service.py - 30 - Initializing AIService
2026-09-04 13:51:17,087 - DEBUG - ai_service.py - 145 - Creating Google GenAI client
2026-09-04 13:51:17,087 - DEBUG - ai_service.py - 159 - Fetching Gemini API key
2026-09-04 13:51:31,393 - DEBUG - ai_response_parser.py - 167 - Building the markdown
2026-09-04 13:51:31,400 - DEBUG - idea_service.py - 27 - Initializing IdeaService
2026-09-04 13:51:31,400 - DEBUG - ai_service.py - 30 - Initializing AIService
2026-09-04 13:51:31,401 - DEBUG - ai_service.py - 145 - Creating Google GenAI client
2026-09-04 13:51:31,401 - DEBUG - ai_service.py - 159 - Fetching Gemini API key
2026-09-04 13:51:31,505 - DEBUG - ai_response_parser.py - 167 - Building the markdown
2026-09-04 13:51:31,511 - DEBUG - idea_service.py - 27 - Initializing IdeaService
2026-09-04 13:51:31,512 - DEBUG - ai_service.py - 30 - Initializing AIService
2026-09-04 13:51:31,512 - DEBUG - ai_service.py - 145 - Creating Google GenAI client
2026-09-04 13:51:31,512 - DEBUG - ai_service.py - 159 - Fetching Gemini API key
2026-09-04 13:51:40,357 - INFO - create.py - 229 - Create idea button clicked.
2026-09-04 13:51:40,358 - DEBUG - create.py - 170 - Idea payload built | manual_5w2h=True | generate_analysis=False | show_report=False | ai_title=True
2026-09-04 13:51:40,359 - INFO - create.py - 190 - Submitting payload to controller | generate_analysis:False | show_report:False | title: True
2026-09-04 13:51:40,359 - INFO - create_idea_controller.py - 26 - Create idea request received
2026-09-04 13:51:40,360 - INFO - idea_service.py - 44 - Starting idea creation
2026-09-04 13:51:40,360 - DEBUG - idea_service.py - 50 - Validating idea payload
2026-09-04 13:51:40,361 - DEBUG - validation_service.py - 43 - Validating payload structure and data types
2026-09-04 13:51:40,361 - DEBUG - validation_service.py - 105 - Validating options
2026-09-04 13:51:40,361 - DEBUG - validation_service.py - 71 - Validating idea
2026-09-04 13:51:40,361 - DEBUG - idea_service.py - 56 - Payload structure and types validated successfully
2026-09-04 13:51:40,362 - DEBUG - idea_service.py - 180 - AI title task resolved | action=refine
2026-09-04 13:51:40,362 - INFO - idea_service.py - 67 - AI processing requested | tasks={'title': 'refine'}
2026-09-04 13:51:40,363 - INFO - ai_service.py - 51 - Processing single-pass AI tasks | tasks={'title': 'refine'}
2026-09-04 13:51:40,363 - DEBUG - prompt_service.py - 25 - Building AI prompt | tasks={'title': 'refine'}
2026-09-04 13:51:40,363 - DEBUG - prompt_service.py - 34 - Adding title prompt block | action=refine
2026-09-04 13:51:40,364 - DEBUG - prompt_service.py - 57 - AI prompt build successfully | blocks=4 | length=1539
2026-09-04 13:51:40,364 - DEBUG - ai_service.py - 102 - Calling Gemini model | model=gemini-2.5-flash
2026-09-04 13:51:48,613 - ERROR - ai_service.py - 108 - Failed to communicate with Gemini
Traceback (most recent call last):
  File "C:\Users\ester\OneDrive\Documentos\Code\olivia-ideas\backend\services\ai_service.py", line 103, in _call_model
    return self.client.models.generate_content(
           ~~~~~~~~~~~~~~~~~~~~~~~~~~~~~~~~~~~^
        model=self.MODEL_NAME,
        ^^^^^^^^^^^^^^^^^^^^^^
        contents=prompt
        ^^^^^^^^^^^^^^^
    )
    ^
  File "C:\Users\ester\OneDrive\Documentos\Code\olivia-ideas\olivia-ideas\Lib\site-packages\google\genai\models.py", line 6270, in generate_content
    response = self._generate_content(
        model=model, contents=contents, config=parsed_config_to_call
    )
  File "C:\Users\ester\OneDrive\Documentos\Code\olivia-ideas\olivia-ideas\Lib\site-packages\google\genai\models.py", line 4707, in _generate_content
    response = self._api_client.request(
        'post', path, request_dict, http_options
    )
  File "C:\Users\ester\OneDrive\Documentos\Code\olivia-ideas\olivia-ideas\Lib\site-packages\google\genai\_api_client.py", line 1747, in request
    response = self._request(http_request, http_options, stream=False)
  File "C:\Users\ester\OneDrive\Documentos\Code\olivia-ideas\olivia-ideas\Lib\site-packages\google\genai\_api_client.py", line 1534, in _request
    return self._retry(self._request_once, http_request, stream)  # type: ignore[no-any-return]
           ~~~~~~~~~~~^^^^^^^^^^^^^^^^^^^^^^^^^^^^^^^^^^^^^^^^^^
  File "C:\Users\ester\OneDrive\Documentos\Code\olivia-ideas\olivia-ideas\Lib\site-packages\tenacity\__init__.py", line 470, in __call__
    do = self.iter(retry_state=retry_state)
  File "C:\Users\ester\OneDrive\Documentos\Code\olivia-ideas\olivia-ideas\Lib\site-packages\tenacity\__init__.py", line 371, in iter
    result = action(retry_state)
  File "C:\Users\ester\OneDrive\Documentos\Code\olivia-ideas\olivia-ideas\Lib\site-packages\tenacity\__init__.py", line 413, in exc_check
    raise retry_exc.reraise()
          ~~~~~~~~~~~~~~~~~^^
  File "C:\Users\ester\OneDrive\Documentos\Code\olivia-ideas\olivia-ideas\Lib\site-packages\tenacity\__init__.py", line 184, in reraise
    raise self.last_attempt.result()
          ~~~~~~~~~~~~~~~~~~~~~~~~^^
  File "C:\Users\ester\AppData\Local\Python\pythoncore-3.14-64\Lib\concurrent\futures\_base.py", line 447, in result
    return self.__get_result()
           ~~~~~~~~~~~~~~~~~^^
  File "C:\Users\ester\AppData\Local\Python\pythoncore-3.14-64\Lib\concurrent\futures\_base.py", line 396, in __get_result
    raise self._exception
  File "C:\Users\ester\OneDrive\Documentos\Code\olivia-ideas\olivia-ideas\Lib\site-packages\tenacity\__init__.py", line 473, in __call__
    result = fn(*args, **kwargs)
  File "C:\Users\ester\OneDrive\Documentos\Code\olivia-ideas\olivia-ideas\Lib\site-packages\google\genai\_api_client.py", line 1511, in _request_once
    errors.APIError.raise_for_response(response)
    ~~~~~~~~~~~~~~~~~~~~~~~~~~~~~~~~~~^^^^^^^^^^
  File "C:\Users\ester\OneDrive\Documentos\Code\olivia-ideas\olivia-ideas\Lib\site-packages\google\genai\errors.py", line 173, in raise_for_response
    cls.raise_error(response.status_code, response_json, response)
    ~~~~~~~~~~~~~~~^^^^^^^^^^^^^^^^^^^^^^^^^^^^^^^^^^^^^^^^^^^^^^^
  File "C:\Users\ester\OneDrive\Documentos\Code\olivia-ideas\olivia-ideas\Lib\site-packages\google\genai\errors.py", line 204, in raise_error
    raise ServerError(status_code, response_json, response)
google.genai.errors.ServerError: 503 UNAVAILABLE. {'error': {'code': 503, 'message': 'This model is currently experiencing high demand. Spikes in demand are usually temporary. Please try again later.', 'status': 'UNAVAILABLE'}}
2026-09-04 13:51:48,636 - ERROR - create.py - 209 - Failed to submit idea
Traceback (most recent call last):
  File "C:\Users\ester\OneDrive\Documentos\Code\olivia-ideas\backend\services\ai_service.py", line 103, in _call_model
    return self.client.models.generate_content(
           ~~~~~~~~~~~~~~~~~~~~~~~~~~~~~~~~~~~^
        model=self.MODEL_NAME,
        ^^^^^^^^^^^^^^^^^^^^^^
        contents=prompt
        ^^^^^^^^^^^^^^^
    )
    ^
  File "C:\Users\ester\OneDrive\Documentos\Code\olivia-ideas\olivia-ideas\Lib\site-packages\google\genai\models.py", line 6270, in generate_content
    response = self._generate_content(
        model=model, contents=contents, config=parsed_config_to_call
    )
  File "C:\Users\ester\OneDrive\Documentos\Code\olivia-ideas\olivia-ideas\Lib\site-packages\google\genai\models.py", line 4707, in _generate_content
    response = self._api_client.request(
        'post', path, request_dict, http_options
    )
  File "C:\Users\ester\OneDrive\Documentos\Code\olivia-ideas\olivia-ideas\Lib\site-packages\google\genai\_api_client.py", line 1747, in request
    response = self._request(http_request, http_options, stream=False)
  File "C:\Users\ester\OneDrive\Documentos\Code\olivia-ideas\olivia-ideas\Lib\site-packages\google\genai\_api_client.py", line 1534, in _request
    return self._retry(self._request_once, http_request, stream)  # type: ignore[no-any-return]
           ~~~~~~~~~~~^^^^^^^^^^^^^^^^^^^^^^^^^^^^^^^^^^^^^^^^^^
  File "C:\Users\ester\OneDrive\Documentos\Code\olivia-ideas\olivia-ideas\Lib\site-packages\tenacity\__init__.py", line 470, in __call__
    do = self.iter(retry_state=retry_state)
  File "C:\Users\ester\OneDrive\Documentos\Code\olivia-ideas\olivia-ideas\Lib\site-packages\tenacity\__init__.py", line 371, in iter
    result = action(retry_state)
  File "C:\Users\ester\OneDrive\Documentos\Code\olivia-ideas\olivia-ideas\Lib\site-packages\tenacity\__init__.py", line 413, in exc_check
    raise retry_exc.reraise()
          ~~~~~~~~~~~~~~~~~^^
  File "C:\Users\ester\OneDrive\Documentos\Code\olivia-ideas\olivia-ideas\Lib\site-packages\tenacity\__init__.py", line 184, in reraise
    raise self.last_attempt.result()
          ~~~~~~~~~~~~~~~~~~~~~~~~^^
  File "C:\Users\ester\AppData\Local\Python\pythoncore-3.14-64\Lib\concurrent\futures\_base.py", line 447, in result
    return self.__get_result()
           ~~~~~~~~~~~~~~~~~^^
  File "C:\Users\ester\AppData\Local\Python\pythoncore-3.14-64\Lib\concurrent\futures\_base.py", line 396, in __get_result
    raise self._exception
  File "C:\Users\ester\OneDrive\Documentos\Code\olivia-ideas\olivia-ideas\Lib\site-packages\tenacity\__init__.py", line 473, in __call__
    result = fn(*args, **kwargs)
  File "C:\Users\ester\OneDrive\Documentos\Code\olivia-ideas\olivia-ideas\Lib\site-packages\google\genai\_api_client.py", line 1511, in _request_once
    errors.APIError.raise_for_response(response)
    ~~~~~~~~~~~~~~~~~~~~~~~~~~~~~~~~~~^^^^^^^^^^
  File "C:\Users\ester\OneDrive\Documentos\Code\olivia-ideas\olivia-ideas\Lib\site-packages\google\genai\errors.py", line 173, in raise_for_response
    cls.raise_error(response.status_code, response_json, response)
    ~~~~~~~~~~~~~~~^^^^^^^^^^^^^^^^^^^^^^^^^^^^^^^^^^^^^^^^^^^^^^^
  File "C:\Users\ester\OneDrive\Documentos\Code\olivia-ideas\olivia-ideas\Lib\site-packages\google\genai\errors.py", line 204, in raise_error
    raise ServerError(status_code, response_json, response)
google.genai.errors.ServerError: 503 UNAVAILABLE. {'error': {'code': 503, 'message': 'This model is currently experiencing high demand. Spikes in demand are usually temporary. Please try again later.', 'status': 'UNAVAILABLE'}}

The above exception was the direct cause of the following exception:

Traceback (most recent call last):
  File "C:\Users\ester\OneDrive\Documentos\Code\olivia-ideas\frontend\pages\create.py", line 197, in submit
    response = (create_idea_controller.create_idea(payload))
  File "C:\Users\ester\OneDrive\Documentos\Code\olivia-ideas\backend\controllers\create_idea_controller.py", line 28, in create_idea
    result = self.idea_service.create_idea(payload)
  File "C:\Users\ester\OneDrive\Documentos\Code\olivia-ideas\backend\services\idea_service.py", line 72, in create_idea
    payload, analysis_data = self.ai_service.process(
                             ~~~~~~~~~~~~~~~~~~~~~~~^
        payload,
        ^^^^^^^^
        ai_tasks
        ^^^^^^^^
    )
    ^
  File "C:\Users\ester\OneDrive\Documentos\Code\olivia-ideas\backend\services\ai_service.py", line 57, in process
    response = self._call_model(prompt)
  File "C:\Users\ester\OneDrive\Documentos\Code\olivia-ideas\backend\services\ai_service.py", line 109, in _call_model
    raise AIServiceError("Failed to communicate with Gemini.") from exc
backend.services.ai_service.AIServiceError: Failed to communicate with Gemini.
2026-09-04 13:51:51,231 - INFO - create.py - 229 - Create idea button clicked.
2026-09-04 13:51:51,232 - DEBUG - create.py - 170 - Idea payload built | manual_5w2h=True | generate_analysis=False | show_report=False | ai_title=True
2026-09-04 13:51:51,233 - INFO - create.py - 190 - Submitting payload to controller | generate_analysis:False | show_report:False | title: True
2026-09-04 13:51:51,233 - INFO - create_idea_controller.py - 26 - Create idea request received
2026-09-04 13:51:51,234 - INFO - idea_service.py - 44 - Starting idea creation
2026-09-04 13:51:51,234 - DEBUG - idea_service.py - 50 - Validating idea payload
2026-09-04 13:51:51,234 - DEBUG - validation_service.py - 43 - Validating payload structure and data types
2026-09-04 13:51:51,234 - DEBUG - validation_service.py - 105 - Validating options
2026-09-04 13:51:51,234 - DEBUG - validation_service.py - 71 - Validating idea
2026-09-04 13:51:51,235 - DEBUG - idea_service.py - 56 - Payload structure and types validated successfully
2026-09-04 13:51:51,235 - DEBUG - idea_service.py - 180 - AI title task resolved | action=refine
2026-09-04 13:51:51,235 - INFO - idea_service.py - 67 - AI processing requested | tasks={'title': 'refine'}
2026-09-04 13:51:51,235 - INFO - ai_service.py - 51 - Processing single-pass AI tasks | tasks={'title': 'refine'}
2026-09-04 13:51:51,236 - DEBUG - prompt_service.py - 25 - Building AI prompt | tasks={'title': 'refine'}
2026-09-04 13:51:51,236 - DEBUG - prompt_service.py - 34 - Adding title prompt block | action=refine
2026-09-04 13:51:51,236 - DEBUG - prompt_service.py - 57 - AI prompt build successfully | blocks=4 | length=1539
2026-09-04 13:51:51,236 - DEBUG - ai_service.py - 102 - Calling Gemini model | model=gemini-2.5-flash
2026-09-04 13:52:02,242 - DEBUG - ai_response_parser.py - 120 - Loading JSON
2026-09-04 13:52:02,242 - ERROR - ai_response_parser.py - 127 - The AI response is not a valid JSON
Traceback (most recent call last):
  File "C:\Users\ester\OneDrive\Documentos\Code\olivia-ideas\backend\services\ai_response_parser.py", line 125, in _load_json
    return json.loads(text)
           ~~~~~~~~~~^^^^^^
  File "C:\Users\ester\AppData\Local\Python\pythoncore-3.14-64\Lib\json\__init__.py", line 352, in loads
    return _default_decoder.decode(s)
           ~~~~~~~~~~~~~~~~~~~~~~~^^^
  File "C:\Users\ester\AppData\Local\Python\pythoncore-3.14-64\Lib\json\decoder.py", line 345, in decode
    obj, end = self.raw_decode(s, idx=_w(s, 0).end())
               ~~~~~~~~~~~~~~~^^^^^^^^^^^^^^^^^^^^^^^
  File "C:\Users\ester\AppData\Local\Python\pythoncore-3.14-64\Lib\json\decoder.py", line 363, in raw_decode
    raise JSONDecodeError("Expecting value", s, err.value) from None
json.decoder.JSONDecodeError: Expecting value: line 1 column 1 (char 0)
2026-09-04 13:52:02,248 - ERROR - create.py - 209 - Failed to submit idea
Traceback (most recent call last):
  File "C:\Users\ester\OneDrive\Documentos\Code\olivia-ideas\backend\services\ai_response_parser.py", line 125, in _load_json
    return json.loads(text)
           ~~~~~~~~~~^^^^^^
  File "C:\Users\ester\AppData\Local\Python\pythoncore-3.14-64\Lib\json\__init__.py", line 352, in loads
    return _default_decoder.decode(s)
           ~~~~~~~~~~~~~~~~~~~~~~~^^^
  File "C:\Users\ester\AppData\Local\Python\pythoncore-3.14-64\Lib\json\decoder.py", line 345, in decode
    obj, end = self.raw_decode(s, idx=_w(s, 0).end())
               ~~~~~~~~~~~~~~~^^^^^^^^^^^^^^^^^^^^^^^
  File "C:\Users\ester\AppData\Local\Python\pythoncore-3.14-64\Lib\json\decoder.py", line 363, in raw_decode
    raise JSONDecodeError("Expecting value", s, err.value) from None
json.decoder.JSONDecodeError: Expecting value: line 1 column 1 (char 0)

The above exception was the direct cause of the following exception:

Traceback (most recent call last):
  File "C:\Users\ester\OneDrive\Documentos\Code\olivia-ideas\frontend\pages\create.py", line 197, in submit
    response = (create_idea_controller.create_idea(payload))
  File "C:\Users\ester\OneDrive\Documentos\Code\olivia-ideas\backend\controllers\create_idea_controller.py", line 28, in create_idea
    result = self.idea_service.create_idea(payload)
  File "C:\Users\ester\OneDrive\Documentos\Code\olivia-ideas\backend\services\idea_service.py", line 72, in create_idea
    payload, analysis_data = self.ai_service.process(
                             ~~~~~~~~~~~~~~~~~~~~~~~^
        payload,
        ^^^^^^^^
        ai_tasks
        ^^^^^^^^
    )
    ^
  File "C:\Users\ester\OneDrive\Documentos\Code\olivia-ideas\backend\services\ai_service.py", line 61, in process
    parsed_response = self.parser.parse(text)
  File "C:\Users\ester\OneDrive\Documentos\Code\olivia-ideas\backend\services\ai_response_parser.py", line 44, in parse
    data = self._load_json(text)
  File "C:\Users\ester\OneDrive\Documentos\Code\olivia-ideas\backend\services\ai_response_parser.py", line 128, in _load_json
    raise AIResponseParserError(
        "The AI response is not a valid JSON."
        ) from exc
backend.services.ai_response_parser.AIResponseParserError: The AI response is not a valid JSON.
2026-09-04 13:54:29,840 - INFO - create.py - 229 - Create idea button clicked.
2026-09-04 13:54:29,840 - DEBUG - create.py - 170 - Idea payload built | manual_5w2h=True | generate_analysis=False | show_report=False | ai_title=False
2026-09-04 13:54:29,841 - INFO - create.py - 190 - Submitting payload to controller | generate_analysis:False | show_report:False | title: False
2026-09-04 13:54:29,841 - INFO - create_idea_controller.py - 26 - Create idea request received
2026-09-04 13:54:29,841 - INFO - idea_service.py - 44 - Starting idea creation
2026-09-04 13:54:29,842 - DEBUG - idea_service.py - 50 - Validating idea payload
2026-09-04 13:54:29,842 - DEBUG - validation_service.py - 43 - Validating payload structure and data types
2026-09-04 13:54:29,842 - DEBUG - validation_service.py - 105 - Validating options
2026-09-04 13:54:29,842 - DEBUG - validation_service.py - 71 - Validating idea
2026-09-04 13:54:29,842 - DEBUG - idea_service.py - 56 - Payload structure and types validated successfully
2026-09-04 13:54:29,843 - DEBUG - idea_service.py - 78 - No AI processing requested
2026-09-04 13:54:29,843 - DEBUG - idea_service.py - 85 - Persisting idea
2026-09-04 13:54:30,490 - INFO - idea_service.py - 91 - Idea persisted successfully | idea_id=38
2026-09-04 13:54:30,490 - INFO - idea_service.py - 134 - Idea creation completed successfully | idea_id=38
2026-09-04 13:54:30,490 - INFO - create_idea_controller.py - 30 - Create idea request completed successfully
2026-09-04 13:54:30,491 - ERROR - create.py - 209 - Failed to submit idea
Traceback (most recent call last):
  File "C:\Users\ester\OneDrive\Documentos\Code\olivia-ideas\frontend\pages\create.py", line 200, in submit
    "Idea submitted successfully | idea_id: %s ", response("idea_id"))
                                                  ~~~~~~~~^^^^^^^^^^^
TypeError: 'dict' object is not callable
2026-09-04 21:48:43,475 - DEBUG - ai_response_parser.py - 167 - Building the markdown
2026-09-04 21:48:43,489 - DEBUG - idea_service.py - 27 - Initializing IdeaService
2026-09-04 21:48:43,489 - DEBUG - ai_service.py - 30 - Initializing AIService
2026-09-04 21:48:43,490 - DEBUG - ai_service.py - 145 - Creating Google GenAI client
2026-09-04 21:48:43,490 - DEBUG - ai_service.py - 159 - Fetching Gemini API key
2026-09-04 21:52:06,237 - INFO - create.py - 229 - Create idea button clicked.
2026-09-04 21:52:06,238 - DEBUG - create.py - 170 - Idea payload built | manual_5w2h=False | generate_analysis=False | show_report=False | ai_title=False
2026-09-04 21:52:06,238 - INFO - create.py - 190 - Submitting payload to controller | generate_analysis:False | show_report:False | title: False
2026-09-04 21:52:06,238 - INFO - create_idea_controller.py - 26 - Create idea request received
2026-09-04 21:52:06,239 - INFO - idea_service.py - 44 - Starting idea creation
2026-09-04 21:52:06,239 - DEBUG - idea_service.py - 50 - Validating idea payload
2026-09-04 21:52:06,239 - DEBUG - validation_service.py - 43 - Validating payload structure and data types
2026-09-04 21:52:06,239 - DEBUG - validation_service.py - 105 - Validating options
2026-09-04 21:52:06,240 - DEBUG - validation_service.py - 71 - Validating idea
2026-09-04 21:52:06,240 - DEBUG - idea_service.py - 56 - Payload structure and types validated successfully
2026-09-04 21:52:06,240 - DEBUG - idea_service.py - 198 - AI methodology task resolved | action=generate
2026-09-04 21:52:06,240 - INFO - idea_service.py - 67 - AI processing requested | tasks={'methodology': 'generate'}
2026-09-04 21:52:06,240 - INFO - ai_service.py - 51 - Processing single-pass AI tasks | tasks={'methodology': 'generate'}
2026-09-04 21:52:06,241 - DEBUG - prompt_service.py - 25 - Building AI prompt | tasks={'methodology': 'generate'}
2026-09-04 21:52:06,241 - DEBUG - prompt_service.py - 42 - Adding methodology prompt block
2026-09-04 21:52:06,241 - DEBUG - prompt_service.py - 57 - AI prompt build successfully | blocks=4 | length=1361
2026-09-04 21:52:06,241 - DEBUG - ai_service.py - 102 - Calling Gemini model | model=gemini-2.5-flash
2026-09-04 21:52:15,886 - DEBUG - ai_response_parser.py - 120 - Loading JSON
2026-09-04 21:52:15,886 - ERROR - ai_response_parser.py - 127 - The AI response is not a valid JSON
Traceback (most recent call last):
  File "C:\Users\ester\OneDrive\Documentos\Code\olivia-ideas\backend\services\ai_response_parser.py", line 125, in _load_json
    return json.loads(text)
           ~~~~~~~~~~^^^^^^
  File "C:\Users\ester\AppData\Local\Python\pythoncore-3.14-64\Lib\json\__init__.py", line 352, in loads
    return _default_decoder.decode(s)
           ~~~~~~~~~~~~~~~~~~~~~~~^^^
  File "C:\Users\ester\AppData\Local\Python\pythoncore-3.14-64\Lib\json\decoder.py", line 345, in decode
    obj, end = self.raw_decode(s, idx=_w(s, 0).end())
               ~~~~~~~~~~~~~~~^^^^^^^^^^^^^^^^^^^^^^^
  File "C:\Users\ester\AppData\Local\Python\pythoncore-3.14-64\Lib\json\decoder.py", line 363, in raw_decode
    raise JSONDecodeError("Expecting value", s, err.value) from None
json.decoder.JSONDecodeError: Expecting value: line 1 column 1 (char 0)
2026-09-04 21:52:15,892 - ERROR - create.py - 209 - Failed to submit idea
Traceback (most recent call last):
  File "C:\Users\ester\OneDrive\Documentos\Code\olivia-ideas\backend\services\ai_response_parser.py", line 125, in _load_json
    return json.loads(text)
           ~~~~~~~~~~^^^^^^
  File "C:\Users\ester\AppData\Local\Python\pythoncore-3.14-64\Lib\json\__init__.py", line 352, in loads
    return _default_decoder.decode(s)
           ~~~~~~~~~~~~~~~~~~~~~~~^^^
  File "C:\Users\ester\AppData\Local\Python\pythoncore-3.14-64\Lib\json\decoder.py", line 345, in decode
    obj, end = self.raw_decode(s, idx=_w(s, 0).end())
               ~~~~~~~~~~~~~~~^^^^^^^^^^^^^^^^^^^^^^^
  File "C:\Users\ester\AppData\Local\Python\pythoncore-3.14-64\Lib\json\decoder.py", line 363, in raw_decode
    raise JSONDecodeError("Expecting value", s, err.value) from None
json.decoder.JSONDecodeError: Expecting value: line 1 column 1 (char 0)

The above exception was the direct cause of the following exception:

Traceback (most recent call last):
  File "C:\Users\ester\OneDrive\Documentos\Code\olivia-ideas\frontend\pages\create.py", line 197, in submit
    response = (create_idea_controller.create_idea(payload))
  File "C:\Users\ester\OneDrive\Documentos\Code\olivia-ideas\backend\controllers\create_idea_controller.py", line 28, in create_idea
    result = self.idea_service.create_idea(payload)
  File "C:\Users\ester\OneDrive\Documentos\Code\olivia-ideas\backend\services\idea_service.py", line 72, in create_idea
    payload, analysis_data = self.ai_service.process(
                             ~~~~~~~~~~~~~~~~~~~~~~~^
        payload,
        ^^^^^^^^
        ai_tasks
        ^^^^^^^^
    )
    ^
  File "C:\Users\ester\OneDrive\Documentos\Code\olivia-ideas\backend\services\ai_service.py", line 61, in process
    parsed_response = self.parser.parse(text)
  File "C:\Users\ester\OneDrive\Documentos\Code\olivia-ideas\backend\services\ai_response_parser.py", line 44, in parse
    data = self._load_json(text)
  File "C:\Users\ester\OneDrive\Documentos\Code\olivia-ideas\backend\services\ai_response_parser.py", line 128, in _load_json
    raise AIResponseParserError(
        "The AI response is not a valid JSON."
        ) from exc
backend.services.ai_response_parser.AIResponseParserError: The AI response is not a valid JSON.
2026-09-04 21:55:15,029 - DEBUG - ai_response_parser.py - 167 - Building the markdown
2026-09-04 21:55:15,036 - DEBUG - idea_service.py - 27 - Initializing IdeaService
2026-09-04 21:55:15,036 - DEBUG - ai_service.py - 30 - Initializing AIService
2026-09-04 21:55:15,036 - DEBUG - ai_service.py - 146 - Creating Google GenAI client
2026-09-04 21:55:15,036 - DEBUG - ai_service.py - 160 - Fetching Gemini API key
2026-09-04 21:55:15,067 - INFO - create.py - 229 - Create idea button clicked.
2026-09-04 21:55:15,068 - DEBUG - create.py - 170 - Idea payload built | manual_5w2h=False | generate_analysis=False | show_report=False | ai_title=False
2026-09-04 21:55:15,068 - INFO - create.py - 190 - Submitting payload to controller | generate_analysis:False | show_report:False | title: False
2026-09-04 21:55:15,069 - INFO - create_idea_controller.py - 26 - Create idea request received
2026-09-04 21:55:15,069 - INFO - idea_service.py - 44 - Starting idea creation
2026-09-04 21:55:15,070 - DEBUG - idea_service.py - 50 - Validating idea payload
2026-09-04 21:55:15,070 - DEBUG - validation_service.py - 43 - Validating payload structure and data types
2026-09-04 21:55:15,070 - DEBUG - validation_service.py - 105 - Validating options
2026-09-04 21:55:15,070 - DEBUG - validation_service.py - 71 - Validating idea
2026-09-04 21:55:15,071 - DEBUG - idea_service.py - 56 - Payload structure and types validated successfully
2026-09-04 21:55:15,071 - DEBUG - idea_service.py - 198 - AI methodology task resolved | action=generate
2026-09-04 21:55:15,071 - INFO - idea_service.py - 67 - AI processing requested | tasks={'methodology': 'generate'}
2026-09-04 21:55:15,071 - INFO - ai_service.py - 51 - Processing single-pass AI tasks | tasks={'methodology': 'generate'}
2026-09-04 21:55:15,072 - DEBUG - prompt_service.py - 25 - Building AI prompt | tasks={'methodology': 'generate'}
2026-09-04 21:55:15,072 - DEBUG - prompt_service.py - 42 - Adding methodology prompt block
2026-09-04 21:55:15,072 - DEBUG - prompt_service.py - 57 - AI prompt build successfully | blocks=4 | length=1361
2026-09-04 21:55:15,072 - DEBUG - ai_service.py - 103 - Calling Gemini model | model=gemini-2.5-flash
2026-09-04 21:55:22,349 - DEBUG - ai_service.py - 61 - Raw Ai response | text='```json\n{\n    "title": "teste 5w2h ia",\n    "methodology": {\n        "what": "Testar a aplicação de inteligência artificial para auxiliar ou automatizar a criação e preenchimento da metodologia 5W2H.",\n        "why": "Avaliar a viabilidade e eficácia da IA para otimizar a análise e o planejamento de projetos, agilizando a organização de informações.",\n        "where": "Em um ambiente de desenvolvimento digital, possivelmente como um módulo experimental dentro de uma plataforma de gestão de projetos ou ferramenta de planejamento.",\n        "when": "Em uma fase inicial de pesquisa e desenvolvimento (P&D) ou como um projeto piloto para validação de conceito.",\n        "who": "Desenvolvedores de IA, especialistas em metodologias de projetos, analistas de negócios, ou equipes de inovação buscando otimizar processos.",\n        "how": "Utilizando algoritmos de IA (como processamento de linguagem natural) para interpretar inputs textuais e gerar automaticamente as respostas estruturadas para cada campo do 5W2H.",\n        "how_much": "Requer investimento em tempo de desenvolvimento de software, possíveis custos de licenças ou APIs de modelos de IA, e recursos humanos para programação e testes."\n    }\n}\n```'
2026-09-04 21:55:22,349 - DEBUG - ai_response_parser.py - 120 - Loading JSON
2026-09-04 21:55:22,349 - ERROR - ai_response_parser.py - 127 - The AI response is not a valid JSON
Traceback (most recent call last):
  File "C:\Users\ester\OneDrive\Documentos\Code\olivia-ideas\backend\services\ai_response_parser.py", line 125, in _load_json
    return json.loads(text)
           ~~~~~~~~~~^^^^^^
  File "C:\Users\ester\AppData\Local\Python\pythoncore-3.14-64\Lib\json\__init__.py", line 352, in loads
    return _default_decoder.decode(s)
           ~~~~~~~~~~~~~~~~~~~~~~~^^^
  File "C:\Users\ester\AppData\Local\Python\pythoncore-3.14-64\Lib\json\decoder.py", line 345, in decode
    obj, end = self.raw_decode(s, idx=_w(s, 0).end())
               ~~~~~~~~~~~~~~~^^^^^^^^^^^^^^^^^^^^^^^
  File "C:\Users\ester\AppData\Local\Python\pythoncore-3.14-64\Lib\json\decoder.py", line 363, in raw_decode
    raise JSONDecodeError("Expecting value", s, err.value) from None
json.decoder.JSONDecodeError: Expecting value: line 1 column 1 (char 0)
2026-09-04 21:55:22,351 - ERROR - create.py - 209 - Failed to submit idea
Traceback (most recent call last):
  File "C:\Users\ester\OneDrive\Documentos\Code\olivia-ideas\backend\services\ai_response_parser.py", line 125, in _load_json
    return json.loads(text)
           ~~~~~~~~~~^^^^^^
  File "C:\Users\ester\AppData\Local\Python\pythoncore-3.14-64\Lib\json\__init__.py", line 352, in loads
    return _default_decoder.decode(s)
           ~~~~~~~~~~~~~~~~~~~~~~~^^^
  File "C:\Users\ester\AppData\Local\Python\pythoncore-3.14-64\Lib\json\decoder.py", line 345, in decode
    obj, end = self.raw_decode(s, idx=_w(s, 0).end())
               ~~~~~~~~~~~~~~~^^^^^^^^^^^^^^^^^^^^^^^
  File "C:\Users\ester\AppData\Local\Python\pythoncore-3.14-64\Lib\json\decoder.py", line 363, in raw_decode
    raise JSONDecodeError("Expecting value", s, err.value) from None
json.decoder.JSONDecodeError: Expecting value: line 1 column 1 (char 0)

The above exception was the direct cause of the following exception:

Traceback (most recent call last):
  File "C:\Users\ester\OneDrive\Documentos\Code\olivia-ideas\frontend\pages\create.py", line 197, in submit
    response = (create_idea_controller.create_idea(payload))
  File "C:\Users\ester\OneDrive\Documentos\Code\olivia-ideas\backend\controllers\create_idea_controller.py", line 28, in create_idea
    result = self.idea_service.create_idea(payload)
  File "C:\Users\ester\OneDrive\Documentos\Code\olivia-ideas\backend\services\idea_service.py", line 72, in create_idea
    payload, analysis_data = self.ai_service.process(
                             ~~~~~~~~~~~~~~~~~~~~~~~^
        payload,
        ^^^^^^^^
        ai_tasks
        ^^^^^^^^
    )
    ^
  File "C:\Users\ester\OneDrive\Documentos\Code\olivia-ideas\backend\services\ai_service.py", line 62, in process
    parsed_response = self.parser.parse(text)
  File "C:\Users\ester\OneDrive\Documentos\Code\olivia-ideas\backend\services\ai_response_parser.py", line 44, in parse
    data = self._load_json(text)
  File "C:\Users\ester\OneDrive\Documentos\Code\olivia-ideas\backend\services\ai_response_parser.py", line 128, in _load_json
    raise AIResponseParserError(
        "The AI response is not a valid JSON."
        ) from exc
backend.services.ai_response_parser.AIResponseParserError: The AI response is not a valid JSON.
2026-09-04 22:12:18,721 - DEBUG - ai_response_parser.py - 167 - Building the markdown
2026-09-04 22:12:18,730 - DEBUG - idea_service.py - 27 - Initializing IdeaService
2026-09-04 22:12:18,730 - DEBUG - ai_service.py - 30 - Initializing AIService
2026-09-04 22:12:18,730 - DEBUG - ai_service.py - 146 - Creating Google GenAI client
2026-09-04 22:12:18,730 - DEBUG - ai_service.py - 160 - Fetching Gemini API key
2026-09-05 16:07:55,606 - DEBUG - ai_response_parser.py - 167 - Building the markdown
2026-09-05 16:07:55,617 - DEBUG - idea_service.py - 27 - Initializing IdeaService
2026-09-05 16:07:55,617 - DEBUG - ai_service.py - 30 - Initializing AIService
2026-09-05 16:07:55,617 - DEBUG - ai_service.py - 146 - Creating Google GenAI client
2026-09-05 16:07:55,617 - DEBUG - ai_service.py - 160 - Fetching Gemini API key
2026-09-05 16:07:57,308 - DEBUG - ai_response_parser.py - 167 - Building the markdown
2026-09-05 16:07:57,316 - DEBUG - idea_service.py - 27 - Initializing IdeaService
2026-09-05 16:07:57,316 - DEBUG - ai_service.py - 30 - Initializing AIService
2026-09-05 16:07:57,317 - DEBUG - ai_service.py - 146 - Creating Google GenAI client
2026-09-05 16:07:57,317 - DEBUG - ai_service.py - 160 - Fetching Gemini API key
2026-09-05 16:07:57,619 - DEBUG - ai_response_parser.py - 167 - Building the markdown
2026-09-05 16:07:57,625 - DEBUG - idea_service.py - 27 - Initializing IdeaService
2026-09-05 16:07:57,625 - DEBUG - ai_service.py - 30 - Initializing AIService
2026-09-05 16:07:57,625 - DEBUG - ai_service.py - 146 - Creating Google GenAI client
2026-09-05 16:07:57,625 - DEBUG - ai_service.py - 160 - Fetching Gemini API key
2026-09-05 16:07:57,729 - DEBUG - ai_response_parser.py - 167 - Building the markdown
2026-09-05 16:07:57,734 - DEBUG - idea_service.py - 27 - Initializing IdeaService
2026-09-05 16:07:57,734 - DEBUG - ai_service.py - 30 - Initializing AIService
2026-09-05 16:07:57,734 - DEBUG - ai_service.py - 146 - Creating Google GenAI client
2026-09-05 16:07:57,734 - DEBUG - ai_service.py - 160 - Fetching Gemini API key
2026-09-05 16:07:57,848 - DEBUG - ai_response_parser.py - 167 - Building the markdown
2026-09-05 16:07:57,855 - DEBUG - idea_service.py - 27 - Initializing IdeaService
2026-09-05 16:07:57,855 - DEBUG - ai_service.py - 30 - Initializing AIService
2026-09-05 16:07:57,855 - DEBUG - ai_service.py - 146 - Creating Google GenAI client
2026-09-05 16:07:57,855 - DEBUG - ai_service.py - 160 - Fetching Gemini API key
2026-09-05 16:07:57,971 - DEBUG - ai_response_parser.py - 167 - Building the markdown
2026-09-05 16:07:57,980 - DEBUG - idea_service.py - 27 - Initializing IdeaService
2026-09-05 16:07:57,980 - DEBUG - ai_service.py - 30 - Initializing AIService
2026-09-05 16:07:57,980 - DEBUG - ai_service.py - 146 - Creating Google GenAI client
2026-09-05 16:07:57,980 - DEBUG - ai_service.py - 160 - Fetching Gemini API key
2026-09-05 16:07:58,220 - DEBUG - ai_response_parser.py - 167 - Building the markdown
2026-09-05 16:07:58,226 - DEBUG - idea_service.py - 27 - Initializing IdeaService
2026-09-05 16:07:58,226 - DEBUG - ai_service.py - 30 - Initializing AIService
2026-09-05 16:07:58,226 - DEBUG - ai_service.py - 146 - Creating Google GenAI client
2026-09-05 16:07:58,226 - DEBUG - ai_service.py - 160 - Fetching Gemini API key
2026-09-05 16:07:58,421 - DEBUG - ai_response_parser.py - 167 - Building the markdown
2026-09-05 16:07:58,427 - DEBUG - idea_service.py - 27 - Initializing IdeaService
2026-09-05 16:07:58,427 - DEBUG - ai_service.py - 30 - Initializing AIService
2026-09-05 16:07:58,427 - DEBUG - ai_service.py - 146 - Creating Google GenAI client
2026-09-05 16:07:58,427 - DEBUG - ai_service.py - 160 - Fetching Gemini API key
2026-09-05 16:07:58,606 - DEBUG - ai_response_parser.py - 167 - Building the markdown
2026-09-05 16:07:58,615 - DEBUG - idea_service.py - 27 - Initializing IdeaService
2026-09-05 16:07:58,615 - DEBUG - ai_service.py - 30 - Initializing AIService
2026-09-05 16:07:58,615 - DEBUG - ai_service.py - 146 - Creating Google GenAI client
2026-09-05 16:07:58,615 - DEBUG - ai_service.py - 160 - Fetching Gemini API key
2026-09-05 16:07:58,925 - DEBUG - ai_response_parser.py - 167 - Building the markdown
2026-09-05 16:07:58,934 - DEBUG - idea_service.py - 27 - Initializing IdeaService
2026-09-05 16:07:58,934 - DEBUG - ai_service.py - 30 - Initializing AIService
2026-09-05 16:07:58,934 - DEBUG - ai_service.py - 146 - Creating Google GenAI client
2026-09-05 16:07:58,935 - DEBUG - ai_service.py - 160 - Fetching Gemini API key
2026-09-05 16:07:58,974 - DEBUG - idea_service.py - 27 - Initializing IdeaService
2026-09-05 16:07:58,974 - DEBUG - ai_service.py - 30 - Initializing AIService
2026-09-05 16:07:58,974 - DEBUG - ai_service.py - 146 - Creating Google GenAI client
2026-09-05 16:07:58,974 - DEBUG - ai_service.py - 160 - Fetching Gemini API key
2026-09-05 16:22:07,485 - DEBUG - ai_response_parser.py - 167 - Building the markdown
2026-09-05 16:22:07,494 - DEBUG - idea_service.py - 27 - Initializing IdeaService
2026-09-05 16:22:07,494 - DEBUG - ai_service.py - 30 - Initializing AIService
2026-09-05 16:22:07,494 - DEBUG - ai_service.py - 146 - Creating Google GenAI client
2026-09-05 16:22:07,494 - DEBUG - ai_service.py - 160 - Fetching Gemini API key
2026-09-05 16:22:07,609 - DEBUG - ai_response_parser.py - 167 - Building the markdown
2026-09-05 16:22:07,615 - DEBUG - idea_service.py - 27 - Initializing IdeaService
2026-09-05 16:22:07,615 - DEBUG - ai_service.py - 30 - Initializing AIService
2026-09-05 16:22:07,615 - DEBUG - ai_service.py - 146 - Creating Google GenAI client
2026-09-05 16:22:07,615 - DEBUG - ai_service.py - 160 - Fetching Gemini API key
2026-09-05 16:28:44,838 - DEBUG - ai_response_parser.py - 169 - Building the markdown
2026-09-05 16:28:44,843 - DEBUG - idea_service.py - 27 - Initializing IdeaService
2026-09-05 16:28:44,843 - DEBUG - ai_service.py - 30 - Initializing AIService
2026-09-05 16:28:44,843 - DEBUG - ai_service.py - 146 - Creating Google GenAI client
2026-09-05 16:28:44,843 - DEBUG - ai_service.py - 160 - Fetching Gemini API key
2026-09-05 16:28:44,930 - DEBUG - ai_response_parser.py - 169 - Building the markdown
2026-09-05 16:28:44,934 - DEBUG - idea_service.py - 27 - Initializing IdeaService
2026-09-05 16:28:44,934 - DEBUG - ai_service.py - 30 - Initializing AIService
2026-09-05 16:28:44,934 - DEBUG - ai_service.py - 146 - Creating Google GenAI client
2026-09-05 16:28:44,934 - DEBUG - ai_service.py - 160 - Fetching Gemini API key
2026-09-05 18:40:25,998 - DEBUG - idea_service.py - 27 - Initializing IdeaService
2026-09-05 18:40:25,999 - DEBUG - ai_service.py - 30 - Initializing AIService
2026-09-05 18:40:25,999 - DEBUG - ai_service.py - 148 - Creating Google GenAI client
2026-09-05 18:40:25,999 - DEBUG - ai_service.py - 162 - Fetching Gemini API key
2026-09-05 18:40:41,179 - DEBUG - idea_service.py - 27 - Initializing IdeaService
2026-09-05 18:40:41,179 - DEBUG - ai_service.py - 30 - Initializing AIService
2026-09-05 18:40:41,179 - DEBUG - ai_service.py - 148 - Creating Google GenAI client
2026-09-05 18:40:41,179 - DEBUG - ai_service.py - 162 - Fetching Gemini API key
2026-09-05 18:42:49,490 - INFO - create.py - 229 - Create idea button clicked.
2026-09-05 18:42:49,490 - DEBUG - create.py - 170 - Idea payload built | manual_5w2h=False | generate_analysis=False | show_report=False | ai_title=False
2026-09-05 18:42:49,490 - INFO - create.py - 190 - Submitting payload to controller | generate_analysis:False | show_report:False | title: False
2026-09-05 18:42:49,491 - INFO - create_idea_controller.py - 26 - Create idea request received
2026-09-05 18:42:49,491 - INFO - idea_service.py - 44 - Starting idea creation
2026-09-05 18:42:49,491 - DEBUG - idea_service.py - 50 - Validating idea payload
2026-09-05 18:42:49,491 - DEBUG - validation_service.py - 43 - Validating payload structure and data types
2026-09-05 18:42:49,492 - DEBUG - validation_service.py - 105 - Validating options
2026-09-05 18:42:49,492 - DEBUG - validation_service.py - 71 - Validating idea
2026-09-05 18:42:49,492 - DEBUG - idea_service.py - 56 - Payload structure and types validated successfully
2026-09-05 18:42:49,492 - DEBUG - idea_service.py - 198 - AI methodology task resolved | action=generate
2026-09-05 18:42:49,492 - INFO - idea_service.py - 67 - AI processing requested | tasks={'methodology': 'generate'}
2026-09-05 18:42:49,492 - INFO - ai_service.py - 51 - Processing single-pass AI tasks | tasks={'methodology': 'generate'}
2026-09-05 18:42:49,493 - DEBUG - prompt_service.py - 25 - Building AI prompt | tasks={'methodology': 'generate'}
2026-09-05 18:42:49,493 - DEBUG - prompt_service.py - 42 - Adding methodology prompt block
2026-09-05 18:42:49,493 - DEBUG - prompt_service.py - 57 - AI prompt build successfully | blocks=4 | length=1728
2026-09-05 18:42:49,493 - DEBUG - ai_service.py - 105 - Calling Gemini model | model=gemini-2.5-flash
2026-09-05 18:44:00,854 - ERROR - ai_service.py - 111 - Failed to communicate with Gemini
Traceback (most recent call last):
  File "C:\Users\ester\OneDrive\Documentos\Code\olivia-ideas\backend\services\ai_service.py", line 106, in _call_model
    return self.client.models.generate_content(
           ~~~~~~~~~~~~~~~~~~~~~~~~~~~~~~~~~~~^
        model=self.MODEL_NAME,
        ^^^^^^^^^^^^^^^^^^^^^^
        contents=prompt
        ^^^^^^^^^^^^^^^
    )
    ^
  File "C:\Users\ester\OneDrive\Documentos\Code\olivia-ideas\olivia-ideas\Lib\site-packages\google\genai\models.py", line 6270, in generate_content
    response = self._generate_content(
        model=model, contents=contents, config=parsed_config_to_call
    )
  File "C:\Users\ester\OneDrive\Documentos\Code\olivia-ideas\olivia-ideas\Lib\site-packages\google\genai\models.py", line 4707, in _generate_content
    response = self._api_client.request(
        'post', path, request_dict, http_options
    )
  File "C:\Users\ester\OneDrive\Documentos\Code\olivia-ideas\olivia-ideas\Lib\site-packages\google\genai\_api_client.py", line 1747, in request
    response = self._request(http_request, http_options, stream=False)
  File "C:\Users\ester\OneDrive\Documentos\Code\olivia-ideas\olivia-ideas\Lib\site-packages\google\genai\_api_client.py", line 1534, in _request
    return self._retry(self._request_once, http_request, stream)  # type: ignore[no-any-return]
           ~~~~~~~~~~~^^^^^^^^^^^^^^^^^^^^^^^^^^^^^^^^^^^^^^^^^^
  File "C:\Users\ester\OneDrive\Documentos\Code\olivia-ideas\olivia-ideas\Lib\site-packages\tenacity\__init__.py", line 470, in __call__
    do = self.iter(retry_state=retry_state)
  File "C:\Users\ester\OneDrive\Documentos\Code\olivia-ideas\olivia-ideas\Lib\site-packages\tenacity\__init__.py", line 371, in iter
    result = action(retry_state)
  File "C:\Users\ester\OneDrive\Documentos\Code\olivia-ideas\olivia-ideas\Lib\site-packages\tenacity\__init__.py", line 413, in exc_check
    raise retry_exc.reraise()
          ~~~~~~~~~~~~~~~~~^^
  File "C:\Users\ester\OneDrive\Documentos\Code\olivia-ideas\olivia-ideas\Lib\site-packages\tenacity\__init__.py", line 184, in reraise
    raise self.last_attempt.result()
          ~~~~~~~~~~~~~~~~~~~~~~~~^^
  File "C:\Users\ester\AppData\Local\Python\pythoncore-3.14-64\Lib\concurrent\futures\_base.py", line 447, in result
    return self.__get_result()
           ~~~~~~~~~~~~~~~~~^^
  File "C:\Users\ester\AppData\Local\Python\pythoncore-3.14-64\Lib\concurrent\futures\_base.py", line 396, in __get_result
    raise self._exception
  File "C:\Users\ester\OneDrive\Documentos\Code\olivia-ideas\olivia-ideas\Lib\site-packages\tenacity\__init__.py", line 473, in __call__
    result = fn(*args, **kwargs)
  File "C:\Users\ester\OneDrive\Documentos\Code\olivia-ideas\olivia-ideas\Lib\site-packages\google\genai\_api_client.py", line 1511, in _request_once
    errors.APIError.raise_for_response(response)
    ~~~~~~~~~~~~~~~~~~~~~~~~~~~~~~~~~~^^^^^^^^^^
  File "C:\Users\ester\OneDrive\Documentos\Code\olivia-ideas\olivia-ideas\Lib\site-packages\google\genai\errors.py", line 173, in raise_for_response
    cls.raise_error(response.status_code, response_json, response)
    ~~~~~~~~~~~~~~~^^^^^^^^^^^^^^^^^^^^^^^^^^^^^^^^^^^^^^^^^^^^^^^
  File "C:\Users\ester\OneDrive\Documentos\Code\olivia-ideas\olivia-ideas\Lib\site-packages\google\genai\errors.py", line 204, in raise_error
    raise ServerError(status_code, response_json, response)
google.genai.errors.ServerError: 503 UNAVAILABLE. {'error': {'code': 503, 'message': 'This model is currently experiencing high demand. Spikes in demand are usually temporary. Please try again later.', 'status': 'UNAVAILABLE'}}
2026-09-05 18:44:00,861 - ERROR - create.py - 209 - Failed to submit idea
Traceback (most recent call last):
  File "C:\Users\ester\OneDrive\Documentos\Code\olivia-ideas\backend\services\ai_service.py", line 106, in _call_model
    return self.client.models.generate_content(
           ~~~~~~~~~~~~~~~~~~~~~~~~~~~~~~~~~~~^
        model=self.MODEL_NAME,
        ^^^^^^^^^^^^^^^^^^^^^^
        contents=prompt
        ^^^^^^^^^^^^^^^
    )
    ^
  File "C:\Users\ester\OneDrive\Documentos\Code\olivia-ideas\olivia-ideas\Lib\site-packages\google\genai\models.py", line 6270, in generate_content
    response = self._generate_content(
        model=model, contents=contents, config=parsed_config_to_call
    )
  File "C:\Users\ester\OneDrive\Documentos\Code\olivia-ideas\olivia-ideas\Lib\site-packages\google\genai\models.py", line 4707, in _generate_content
    response = self._api_client.request(
        'post', path, request_dict, http_options
    )
  File "C:\Users\ester\OneDrive\Documentos\Code\olivia-ideas\olivia-ideas\Lib\site-packages\google\genai\_api_client.py", line 1747, in request
    response = self._request(http_request, http_options, stream=False)
  File "C:\Users\ester\OneDrive\Documentos\Code\olivia-ideas\olivia-ideas\Lib\site-packages\google\genai\_api_client.py", line 1534, in _request
    return self._retry(self._request_once, http_request, stream)  # type: ignore[no-any-return]
           ~~~~~~~~~~~^^^^^^^^^^^^^^^^^^^^^^^^^^^^^^^^^^^^^^^^^^
  File "C:\Users\ester\OneDrive\Documentos\Code\olivia-ideas\olivia-ideas\Lib\site-packages\tenacity\__init__.py", line 470, in __call__
    do = self.iter(retry_state=retry_state)
  File "C:\Users\ester\OneDrive\Documentos\Code\olivia-ideas\olivia-ideas\Lib\site-packages\tenacity\__init__.py", line 371, in iter
    result = action(retry_state)
  File "C:\Users\ester\OneDrive\Documentos\Code\olivia-ideas\olivia-ideas\Lib\site-packages\tenacity\__init__.py", line 413, in exc_check
    raise retry_exc.reraise()
          ~~~~~~~~~~~~~~~~~^^
  File "C:\Users\ester\OneDrive\Documentos\Code\olivia-ideas\olivia-ideas\Lib\site-packages\tenacity\__init__.py", line 184, in reraise
    raise self.last_attempt.result()
          ~~~~~~~~~~~~~~~~~~~~~~~~^^
  File "C:\Users\ester\AppData\Local\Python\pythoncore-3.14-64\Lib\concurrent\futures\_base.py", line 447, in result
    return self.__get_result()
           ~~~~~~~~~~~~~~~~~^^
  File "C:\Users\ester\AppData\Local\Python\pythoncore-3.14-64\Lib\concurrent\futures\_base.py", line 396, in __get_result
    raise self._exception
  File "C:\Users\ester\OneDrive\Documentos\Code\olivia-ideas\olivia-ideas\Lib\site-packages\tenacity\__init__.py", line 473, in __call__
    result = fn(*args, **kwargs)
  File "C:\Users\ester\OneDrive\Documentos\Code\olivia-ideas\olivia-ideas\Lib\site-packages\google\genai\_api_client.py", line 1511, in _request_once
    errors.APIError.raise_for_response(response)
    ~~~~~~~~~~~~~~~~~~~~~~~~~~~~~~~~~~^^^^^^^^^^
  File "C:\Users\ester\OneDrive\Documentos\Code\olivia-ideas\olivia-ideas\Lib\site-packages\google\genai\errors.py", line 173, in raise_for_response
    cls.raise_error(response.status_code, response_json, response)
    ~~~~~~~~~~~~~~~^^^^^^^^^^^^^^^^^^^^^^^^^^^^^^^^^^^^^^^^^^^^^^^
  File "C:\Users\ester\OneDrive\Documentos\Code\olivia-ideas\olivia-ideas\Lib\site-packages\google\genai\errors.py", line 204, in raise_error
    raise ServerError(status_code, response_json, response)
google.genai.errors.ServerError: 503 UNAVAILABLE. {'error': {'code': 503, 'message': 'This model is currently experiencing high demand. Spikes in demand are usually temporary. Please try again later.', 'status': 'UNAVAILABLE'}}

The above exception was the direct cause of the following exception:

Traceback (most recent call last):
  File "C:\Users\ester\OneDrive\Documentos\Code\olivia-ideas\frontend\pages\create.py", line 197, in submit
    response = (create_idea_controller.create_idea(payload))
  File "C:\Users\ester\OneDrive\Documentos\Code\olivia-ideas\backend\controllers\create_idea_controller.py", line 28, in create_idea
    result = self.idea_service.create_idea(payload)
  File "C:\Users\ester\OneDrive\Documentos\Code\olivia-ideas\backend\services\idea_service.py", line 72, in create_idea
    payload, analysis_data = self.ai_service.process(
                             ~~~~~~~~~~~~~~~~~~~~~~~^
        payload,
        ^^^^^^^^
        ai_tasks
        ^^^^^^^^
    )
    ^
  File "C:\Users\ester\OneDrive\Documentos\Code\olivia-ideas\backend\services\ai_service.py", line 57, in process
    response = self._call_model(prompt)
  File "C:\Users\ester\OneDrive\Documentos\Code\olivia-ideas\backend\services\ai_service.py", line 112, in _call_model
    raise AIServiceError("Failed to communicate with Gemini.") from exc
backend.services.ai_service.AIServiceError: Failed to communicate with Gemini.
2026-09-05 18:45:57,630 - INFO - create.py - 229 - Create idea button clicked.
2026-09-05 18:45:57,631 - DEBUG - create.py - 170 - Idea payload built | manual_5w2h=True | generate_analysis=False | show_report=False | ai_title=False
2026-09-05 18:45:57,631 - INFO - create.py - 190 - Submitting payload to controller | generate_analysis:False | show_report:False | title: False
2026-09-05 18:45:57,632 - INFO - create_idea_controller.py - 26 - Create idea request received
2026-09-05 18:45:57,632 - INFO - idea_service.py - 44 - Starting idea creation
2026-09-05 18:45:57,632 - DEBUG - idea_service.py - 50 - Validating idea payload
2026-09-05 18:45:57,632 - DEBUG - validation_service.py - 43 - Validating payload structure and data types
2026-09-05 18:45:57,633 - DEBUG - validation_service.py - 105 - Validating options
2026-09-05 18:45:57,633 - DEBUG - validation_service.py - 71 - Validating idea
2026-09-05 18:45:57,633 - DEBUG - idea_service.py - 56 - Payload structure and types validated successfully
2026-09-05 18:45:57,633 - DEBUG - idea_service.py - 78 - No AI processing requested
2026-09-05 18:45:57,634 - DEBUG - idea_service.py - 85 - Persisting idea
2026-09-05 18:45:57,722 - INFO - idea_service.py - 91 - Idea persisted successfully | idea_id=39
2026-09-05 18:45:57,723 - INFO - idea_service.py - 134 - Idea creation completed successfully | idea_id=39
2026-09-05 18:45:57,723 - INFO - create_idea_controller.py - 30 - Create idea request completed successfully
2026-09-05 18:45:57,723 - ERROR - create.py - 209 - Failed to submit idea
Traceback (most recent call last):
  File "C:\Users\ester\OneDrive\Documentos\Code\olivia-ideas\frontend\pages\create.py", line 200, in submit
    "Idea submitted successfully | idea_id: %s ", response("idea_id"))
                                                  ~~~~~~~~^^^^^^^^^^^
TypeError: 'dict' object is not callable
2026-09-05 18:46:55,774 - DEBUG - idea_service.py - 27 - Initializing IdeaService
2026-09-05 18:46:55,775 - DEBUG - ai_service.py - 30 - Initializing AIService
2026-09-05 18:46:55,775 - DEBUG - ai_service.py - 148 - Creating Google GenAI client
2026-09-05 18:46:55,775 - DEBUG - ai_service.py - 162 - Fetching Gemini API key
2026-09-05 18:46:55,802 - INFO - create.py - 229 - Create idea button clicked.
2026-09-05 18:46:55,802 - DEBUG - create.py - 170 - Idea payload built | manual_5w2h=True | generate_analysis=False | show_report=False | ai_title=False
2026-09-05 18:46:55,802 - INFO - create.py - 190 - Submitting payload to controller | generate_analysis:False | show_report:False | title: False
2026-09-05 18:46:55,803 - INFO - create_idea_controller.py - 26 - Create idea request received
2026-09-05 18:46:55,803 - INFO - idea_service.py - 44 - Starting idea creation
2026-09-05 18:46:55,803 - DEBUG - idea_service.py - 50 - Validating idea payload
2026-09-05 18:46:55,803 - DEBUG - validation_service.py - 43 - Validating payload structure and data types
2026-09-05 18:46:55,804 - DEBUG - validation_service.py - 105 - Validating options
2026-09-05 18:46:55,804 - DEBUG - validation_service.py - 71 - Validating idea
2026-09-05 18:46:55,804 - DEBUG - idea_service.py - 56 - Payload structure and types validated successfully
2026-09-05 18:46:55,804 - DEBUG - idea_service.py - 78 - No AI processing requested
2026-09-05 18:46:55,804 - DEBUG - idea_service.py - 85 - Persisting idea
2026-09-05 18:46:55,821 - INFO - idea_service.py - 91 - Idea persisted successfully | idea_id=40
2026-09-05 18:46:55,821 - INFO - idea_service.py - 134 - Idea creation completed successfully | idea_id=40
2026-09-05 18:46:55,821 - INFO - create_idea_controller.py - 30 - Create idea request completed successfully
2026-09-05 18:46:55,821 - INFO - create.py - 199 - Idea submitted successfully | idea_id: 40 
2026-09-05 18:50:18,153 - INFO - create.py - 229 - Create idea button clicked.
2026-09-05 18:50:18,154 - DEBUG - create.py - 170 - Idea payload built | manual_5w2h=False | generate_analysis=False | show_report=False | ai_title=False
2026-09-05 18:50:18,154 - INFO - create.py - 190 - Submitting payload to controller | generate_analysis:False | show_report:False | title: False
2026-09-05 18:50:18,154 - INFO - create_idea_controller.py - 26 - Create idea request received
2026-09-05 18:50:18,155 - INFO - idea_service.py - 44 - Starting idea creation
2026-09-05 18:50:18,155 - DEBUG - idea_service.py - 50 - Validating idea payload
2026-09-05 18:50:18,155 - DEBUG - validation_service.py - 43 - Validating payload structure and data types
2026-09-05 18:50:18,155 - DEBUG - validation_service.py - 105 - Validating options
2026-09-05 18:50:18,155 - DEBUG - validation_service.py - 71 - Validating idea
2026-09-05 18:50:18,155 - DEBUG - idea_service.py - 56 - Payload structure and types validated successfully
2026-09-05 18:50:18,156 - DEBUG - idea_service.py - 198 - AI methodology task resolved | action=generate
2026-09-05 18:50:18,156 - INFO - idea_service.py - 67 - AI processing requested | tasks={'methodology': 'generate'}
2026-09-05 18:50:18,156 - INFO - ai_service.py - 51 - Processing single-pass AI tasks | tasks={'methodology': 'generate'}
2026-09-05 18:50:18,156 - DEBUG - prompt_service.py - 25 - Building AI prompt | tasks={'methodology': 'generate'}
2026-09-05 18:50:18,157 - DEBUG - prompt_service.py - 42 - Adding methodology prompt block
2026-09-05 18:50:18,157 - DEBUG - prompt_service.py - 57 - AI prompt build successfully | blocks=4 | length=1728
2026-09-05 18:50:18,157 - DEBUG - ai_service.py - 105 - Calling Gemini model | model=gemini-2.5-flash
2026-09-05 18:51:01,857 - ERROR - ai_service.py - 111 - Failed to communicate with Gemini
Traceback (most recent call last):
  File "C:\Users\ester\OneDrive\Documentos\Code\olivia-ideas\backend\services\ai_service.py", line 106, in _call_model
    return self.client.models.generate_content(
           ~~~~~~~~~~~~~~~~~~~~~~~~~~~~~~~~~~~^
        model=self.MODEL_NAME,
        ^^^^^^^^^^^^^^^^^^^^^^
        contents=prompt
        ^^^^^^^^^^^^^^^
    )
    ^
  File "C:\Users\ester\OneDrive\Documentos\Code\olivia-ideas\olivia-ideas\Lib\site-packages\google\genai\models.py", line 6270, in generate_content
    response = self._generate_content(
        model=model, contents=contents, config=parsed_config_to_call
    )
  File "C:\Users\ester\OneDrive\Documentos\Code\olivia-ideas\olivia-ideas\Lib\site-packages\google\genai\models.py", line 4707, in _generate_content
    response = self._api_client.request(
        'post', path, request_dict, http_options
    )
  File "C:\Users\ester\OneDrive\Documentos\Code\olivia-ideas\olivia-ideas\Lib\site-packages\google\genai\_api_client.py", line 1747, in request
    response = self._request(http_request, http_options, stream=False)
  File "C:\Users\ester\OneDrive\Documentos\Code\olivia-ideas\olivia-ideas\Lib\site-packages\google\genai\_api_client.py", line 1534, in _request
    return self._retry(self._request_once, http_request, stream)  # type: ignore[no-any-return]
           ~~~~~~~~~~~^^^^^^^^^^^^^^^^^^^^^^^^^^^^^^^^^^^^^^^^^^
  File "C:\Users\ester\OneDrive\Documentos\Code\olivia-ideas\olivia-ideas\Lib\site-packages\tenacity\__init__.py", line 470, in __call__
    do = self.iter(retry_state=retry_state)
  File "C:\Users\ester\OneDrive\Documentos\Code\olivia-ideas\olivia-ideas\Lib\site-packages\tenacity\__init__.py", line 371, in iter
    result = action(retry_state)
  File "C:\Users\ester\OneDrive\Documentos\Code\olivia-ideas\olivia-ideas\Lib\site-packages\tenacity\__init__.py", line 413, in exc_check
    raise retry_exc.reraise()
          ~~~~~~~~~~~~~~~~~^^
  File "C:\Users\ester\OneDrive\Documentos\Code\olivia-ideas\olivia-ideas\Lib\site-packages\tenacity\__init__.py", line 184, in reraise
    raise self.last_attempt.result()
          ~~~~~~~~~~~~~~~~~~~~~~~~^^
  File "C:\Users\ester\AppData\Local\Python\pythoncore-3.14-64\Lib\concurrent\futures\_base.py", line 447, in result
    return self.__get_result()
           ~~~~~~~~~~~~~~~~~^^
  File "C:\Users\ester\AppData\Local\Python\pythoncore-3.14-64\Lib\concurrent\futures\_base.py", line 396, in __get_result
    raise self._exception
  File "C:\Users\ester\OneDrive\Documentos\Code\olivia-ideas\olivia-ideas\Lib\site-packages\tenacity\__init__.py", line 473, in __call__
    result = fn(*args, **kwargs)
  File "C:\Users\ester\OneDrive\Documentos\Code\olivia-ideas\olivia-ideas\Lib\site-packages\google\genai\_api_client.py", line 1511, in _request_once
    errors.APIError.raise_for_response(response)
    ~~~~~~~~~~~~~~~~~~~~~~~~~~~~~~~~~~^^^^^^^^^^
  File "C:\Users\ester\OneDrive\Documentos\Code\olivia-ideas\olivia-ideas\Lib\site-packages\google\genai\errors.py", line 173, in raise_for_response
    cls.raise_error(response.status_code, response_json, response)
    ~~~~~~~~~~~~~~~^^^^^^^^^^^^^^^^^^^^^^^^^^^^^^^^^^^^^^^^^^^^^^^
  File "C:\Users\ester\OneDrive\Documentos\Code\olivia-ideas\olivia-ideas\Lib\site-packages\google\genai\errors.py", line 204, in raise_error
    raise ServerError(status_code, response_json, response)
google.genai.errors.ServerError: 503 UNAVAILABLE. {'error': {'code': 503, 'message': 'This model is currently experiencing high demand. Spikes in demand are usually temporary. Please try again later.', 'status': 'UNAVAILABLE'}}
2026-09-05 18:51:01,860 - ERROR - create.py - 209 - Failed to submit idea
Traceback (most recent call last):
  File "C:\Users\ester\OneDrive\Documentos\Code\olivia-ideas\backend\services\ai_service.py", line 106, in _call_model
    return self.client.models.generate_content(
           ~~~~~~~~~~~~~~~~~~~~~~~~~~~~~~~~~~~^
        model=self.MODEL_NAME,
        ^^^^^^^^^^^^^^^^^^^^^^
        contents=prompt
        ^^^^^^^^^^^^^^^
    )
    ^
  File "C:\Users\ester\OneDrive\Documentos\Code\olivia-ideas\olivia-ideas\Lib\site-packages\google\genai\models.py", line 6270, in generate_content
    response = self._generate_content(
        model=model, contents=contents, config=parsed_config_to_call
    )
  File "C:\Users\ester\OneDrive\Documentos\Code\olivia-ideas\olivia-ideas\Lib\site-packages\google\genai\models.py", line 4707, in _generate_content
    response = self._api_client.request(
        'post', path, request_dict, http_options
    )
  File "C:\Users\ester\OneDrive\Documentos\Code\olivia-ideas\olivia-ideas\Lib\site-packages\google\genai\_api_client.py", line 1747, in request
    response = self._request(http_request, http_options, stream=False)
  File "C:\Users\ester\OneDrive\Documentos\Code\olivia-ideas\olivia-ideas\Lib\site-packages\google\genai\_api_client.py", line 1534, in _request
    return self._retry(self._request_once, http_request, stream)  # type: ignore[no-any-return]
           ~~~~~~~~~~~^^^^^^^^^^^^^^^^^^^^^^^^^^^^^^^^^^^^^^^^^^
  File "C:\Users\ester\OneDrive\Documentos\Code\olivia-ideas\olivia-ideas\Lib\site-packages\tenacity\__init__.py", line 470, in __call__
    do = self.iter(retry_state=retry_state)
  File "C:\Users\ester\OneDrive\Documentos\Code\olivia-ideas\olivia-ideas\Lib\site-packages\tenacity\__init__.py", line 371, in iter
    result = action(retry_state)
  File "C:\Users\ester\OneDrive\Documentos\Code\olivia-ideas\olivia-ideas\Lib\site-packages\tenacity\__init__.py", line 413, in exc_check
    raise retry_exc.reraise()
          ~~~~~~~~~~~~~~~~~^^
  File "C:\Users\ester\OneDrive\Documentos\Code\olivia-ideas\olivia-ideas\Lib\site-packages\tenacity\__init__.py", line 184, in reraise
    raise self.last_attempt.result()
          ~~~~~~~~~~~~~~~~~~~~~~~~^^
  File "C:\Users\ester\AppData\Local\Python\pythoncore-3.14-64\Lib\concurrent\futures\_base.py", line 447, in result
    return self.__get_result()
           ~~~~~~~~~~~~~~~~~^^
  File "C:\Users\ester\AppData\Local\Python\pythoncore-3.14-64\Lib\concurrent\futures\_base.py", line 396, in __get_result
    raise self._exception
  File "C:\Users\ester\OneDrive\Documentos\Code\olivia-ideas\olivia-ideas\Lib\site-packages\tenacity\__init__.py", line 473, in __call__
    result = fn(*args, **kwargs)
  File "C:\Users\ester\OneDrive\Documentos\Code\olivia-ideas\olivia-ideas\Lib\site-packages\google\genai\_api_client.py", line 1511, in _request_once
    errors.APIError.raise_for_response(response)
    ~~~~~~~~~~~~~~~~~~~~~~~~~~~~~~~~~~^^^^^^^^^^
  File "C:\Users\ester\OneDrive\Documentos\Code\olivia-ideas\olivia-ideas\Lib\site-packages\google\genai\errors.py", line 173, in raise_for_response
    cls.raise_error(response.status_code, response_json, response)
    ~~~~~~~~~~~~~~~^^^^^^^^^^^^^^^^^^^^^^^^^^^^^^^^^^^^^^^^^^^^^^^
  File "C:\Users\ester\OneDrive\Documentos\Code\olivia-ideas\olivia-ideas\Lib\site-packages\google\genai\errors.py", line 204, in raise_error
    raise ServerError(status_code, response_json, response)
google.genai.errors.ServerError: 503 UNAVAILABLE. {'error': {'code': 503, 'message': 'This model is currently experiencing high demand. Spikes in demand are usually temporary. Please try again later.', 'status': 'UNAVAILABLE'}}

The above exception was the direct cause of the following exception:

Traceback (most recent call last):
  File "C:\Users\ester\OneDrive\Documentos\Code\olivia-ideas\frontend\pages\create.py", line 197, in submit
    response = (create_idea_controller.create_idea(payload))
  File "C:\Users\ester\OneDrive\Documentos\Code\olivia-ideas\backend\controllers\create_idea_controller.py", line 28, in create_idea
    result = self.idea_service.create_idea(payload)
  File "C:\Users\ester\OneDrive\Documentos\Code\olivia-ideas\backend\services\idea_service.py", line 72, in create_idea
    payload, analysis_data = self.ai_service.process(
                             ~~~~~~~~~~~~~~~~~~~~~~~^
        payload,
        ^^^^^^^^
        ai_tasks
        ^^^^^^^^
    )
    ^
  File "C:\Users\ester\OneDrive\Documentos\Code\olivia-ideas\backend\services\ai_service.py", line 57, in process
    response = self._call_model(prompt)
  File "C:\Users\ester\OneDrive\Documentos\Code\olivia-ideas\backend\services\ai_service.py", line 112, in _call_model
    raise AIServiceError("Failed to communicate with Gemini.") from exc
backend.services.ai_service.AIServiceError: Failed to communicate with Gemini.
